id,jobs,firms,salary,nums0
1,C/C++研发工程师,北京关键科技股份有限公司,0.5-1万/月,若干
5,C++开发工程师,深圳高速工程顾问有限公司,10-25万/年,若干
11,C++高级软件工程师,南京烽火星空通信发展有限公司,1.5-2.5万/月,若干
14,软件开发工程师（C++、Java）,上海帕利电子有限公司,6-8千/月,若干
25,（某500强知名企业）C++算法工程师,西安瀚特人力资源有限公司,1-1.5万/月,若干
26,VC/MFC/C++工程师,西安九州艾维航空科技有限公司,0.8-1万/月,若干
28,C++,西安欧鹏信息技术有限公司,0.6-1万/月,若干
32,C++开发工程师,无锡市同芯恒通科技有限公司,4-8千/月,若干
33,C/C++软件开发工程师（Linux /Windows平台）,西安交大捷普网络科技有限公司,0.8-1.5万/月,若干
41,C++开发工程师,西安海讯科技发展有限公司,0.8-1.5万/月,若干
42,C++（万能解码器方向）(001920)(职位编号：netposa001920),东方网力科技股份有限公司,1-1.5万/月,若干
43,C++研发工程师（西安）(J10697),绿盟科技,0.8-1万/月,若干
44,Qt C++/ Qt QML开发工程师,上海亿凯信息技术有限公司,10-11万/年,若干
47,C++/C#开发工程师,上海今日信息科技有限公司,0.5-1.5万/月,若干
59,C/C++开发工程师,浙江大华技术股份有限公司,1-2万/月,若干
64,C++研发工程师(职位编号：014),西安兴汇电力科技有限公司,0.8-2万/月,若干
65,�I�I�I  C++开发工程师 (区块链/比特币/数字贷币),小马股份有限公司西安分公司,1-5万/月,若干
67,C/C++高级开发工程师,西安三茗科技股份有限公司,0.8-1.5万/月,若干
68,软件工程师（C++应用开发）,西安灵境科技有限公司,4-7千/月,若干
69,C++高级软件工程师(职位编号：vertiv000692),维谛技术有限公司,0.7-1.4万/月,若干
79,C++软件开发,新拓三维技术（深圳）有限公司,3-4.5千/月,若干
88,C++开发工程师,和利时集团--西安和利时,0.9-1.2万/月,若干
90,C语言，C++对日软件工程师（长期）,西安民盛计算机技术有限公司,2.5-3万/月,若干
91,C/C++算法研究员,陕西凯仕企业管理咨询有限公司,1.5-2万/月,若干
112,C++软件设计师,航天星图科技（北京）有限公司,0.5-1万/月,若干
114,C++高级软件工程师（西安）,深圳市大疆创新科技有限公司,1-2万/月,若干
116,C++高级开发工程师,广联达科技股份有限公司,1-2万/月,若干
119,C++高级开发工程师,上海麦腾物联网技术有限公司,0.9-1.6万/月,若干
122,C++软件开发工程师,西安盈谷网络科技有限公司,0.8-1.4万/月,若干
123,C++\c#开发工程师,迈隆（西安）电子技术有限公司,0.8-1万/月,若干
124,C++软件开发工程师,一诺仪器（中国）有限公司,1-1.5万/月,若干
129,C++软件开发工程师,盛立金融软件开发（杭州）有限公司,0.5-2万/月,若干
133,C++编程讲师（在家办公/弹性时间）,上海傲梦网络科技有限公司,0.7-1.2万/月,若干
150,嵌入式设计工程师,希尔思仪表（深圳）有限公司,1-1.5万/月,若干
175,Flash测试工程师,西安紫光国芯半导体有限公司,15-25万/年,若干
177,物联网开发工程师,西安海润通信技术有限公司,1.5-3万/月,若干
180,校园招聘--软件开发工程师,西安葡萄城信息技术有限公司,5-9千/月,若干
184,高级软件研发工程师,西安智多晶微电子有限公司,0.8-1.5万/月,若干
187,Linux开发工程师,上海数果科技有限公司,0.8-1.8万/月,若干
188,上位机软件工程师,西安迅湃快速充电技术有限公司,4.5-9千/月,若干
190,资深嵌入式开发工程师,深圳市中易腾达科技股份有限公司,1-1.5万/月,若干
192,软件开发工程师(职位编号：004),西安航天信控科技有限公司,0.8-1.6万/月,若干
198,安卓Framework系统工程师,KaiOS凯系通讯科技,1-2万/月,若干
200,软件工程师/Software Engineer,世健国际贸易(上海)有限公司,1-3万/月,若干
212,实施/java/android/c++/ios/php、其他,中讯志远（武汉）科技有限公司,4.5-6千/月,若干
228,生物信息工程师,西安中科茵康莱医学检验有限公司,5-8.5千/月,若干
240,Server Engineer/Senior Server Engineer,陕西富莱尔软件科技有限公司,0.8-1.5万/月,若干
243,研发工程师（工作地点：沈阳）,沈阳上博智像科技有限公司,1-1.5万/月,若干
248,软件工程师,航天恒星空间技术应用有限公司,0.8-1万/月,若干
251,初级Android工程师,龙尚科技（上海）有限公司,0.8-1万/月,若干
265,对日高级软件工程师(职位编号：002),西安未都网络科技有限公司,0.6-1.2万/月,若干
280,流体咨询专家--西安,安世亚太科技股份有限公司,0.8-1.5万/月,若干
294,软件开发工程师,上海君协光电科技发展有限公司,1-1.5万/月,若干
302,软件工程师（高级）,成都智明达电子股份有限公司,1.2-2.2万/月,若干
305,Firmware Engineer固件工程师,西电通用电气自动化有限公司,1-1.5万/月,若干
309,CFD流体工程师,得一创新（北京）科技有限公司西安分公司,0.5-1万/月,若干
310,嵌入式软件工程师,陕西诺维北斗信息科技股份有限公司,0.8-1.2万/月,若干
311,视频图像算法研究员（人脸识别）,深圳力维智联技术有限公司,2-4万/月,若干
316,飞行器设计,西安杰西电子科技发展有限责任公司,0.6-1.5万/月,若干
317,深度学习算法工程师,深圳市道通智能航空技术有限公司,1.5-3万/月,若干
327,软件工程师,西诺医疗器械集团有限公司,5-8千/月,若干
330,通信/算法工程师(实习生)--西安,深圳开阳电子股份有限公司,6-8千/月,若干
332,软件项目经理SPM（西安）,华勤通讯技术有限公司,1-1.5万/月,若干
334,软件工程师（通信传输设备）(职位编号：Fiberhome002055),烽火通信科技股份有限公司,15-23万/年,若干
337,软件工程师,深圳光启空间技术有限公司,0.8-1.6万/月,若干
338,iOS开发工程师,西安北科维拓科技有限公司,6-8千/月,若干
339,软件开发工程师(职位编号：003),西安蓝海潜龙智能科技有限公司,0.8-1万/月,若干
340,驱动软件助理工程师（西安）,深圳市有方科技股份有限公司,0.8-1万/月,若干
342,Linux开发工程师,北京倍胜智能科技有限公司,0.6-1.2万/月,若干
350,安全测评工程师,中兴通讯股份有限公司,1.5-3万/月,若干
353,go服务器开发工程师,西安瑜乐文化科技股份有限公司,1-2万/月,若干
357,软件工程师,陕西隆翔停车设备集团有限公司,0.8-1.2万/月,若干
363,云后台开发工程师,西安图道信息科技有限公司,0.6-1.2万/月,若干
364,软件开发工程师,汕头市超声仪器研究所有限公司,0.7-1万/月,若干
370,MXA CTE Test Engineer,美光半导体（西安）有限责任公司,1-1.5万/月,若干
374,软件开发工程师,广州航新航空科技股份有限公司,20-30万/年,若干
376,嵌入式软件工程师,江苏金智科技股份有限公司,1-1.5万/月,若干
386,三维图形算法工程师,上海数巧信息科技有限公司,0.8-1.5万/月,若干
390,自动控制工程师,陕西博尔能源科技有限公司,4.5-6千/月,若干
391,软件开发,西安石核信息科技有限公司,3-6千/月,若干
399,软件开发工程师,成都成电光信科技股份有限公司,0.5-1万/月,若干
412,软件工程师,西安斯维特测量设备股份有限公司,0.5-1万/月,若干
416,Unity3d游戏开发工程师,苏州天魂网络科技股份有限公司,0.6-1.2万/月,若干
422,2018信息-系统开发助理（西安工作/2018应届）,中国东方航空股份有限公司,4.5-6千/月,若干
432,生产软件工程师,西安闻泰电子科技有限公司,1-1.5万/月,若干
441,软件工程师,隆基绿能科技股份有限公司,0.8-1万/月,若干
452,嵌入式软件工程师,北京格非视频科技发展有限公司,6-8千/月,若干
455,Software Engineer in Xian,深圳市中科卓软科技有限公司,50-60万/年,若干
465,生物信息分析专员(职位编号：0013),陕西云上生物医药科技有限公司,1-1.5万/月,若干
476,项目经理,恩梯梯数据（中国）信息技术有限公司西安分公司,1-1.5万/月,若干
477,嵌入式软件开发,西安锐益达风电技术有限公司,1-1.5万/月,若干
512,LinuxC/C++软件工程师,西安西电捷通无线网络通信股份有限公司,5-8千/月,若干
515,C++软件开发工程师(海外与分销)(职位编号：uniview000963),浙江宇视科技有限公司,0.7-1.2万/月,若干
519,C++软件开发工程师(职位编号：netposa001889),东方网力科技股份有限公司,1-1.5万/月,若干
523,C++研发工程师（西安）(J10697),绿盟科技,0.8-1万/月,若干
524,C/C++工程师,上海思华科技股份有限公司,1-2万/月,若干
527,C++开发工程师,浙江大华技术股份有限公司,1-2万/月,若干
528,C++工程师,西安优音通信有限公司,1-1.5万/月,若干
529,�I�I�I  C++开发工程师 (区块链/比特币/数字贷币),小马股份有限公司西安分公司,1-5万/月,若干
530,�I�I�I  C++开发工程师 (区块链/比特币/数字贷币),小马股份有限公司西安分公司,1-5万/月,若干
531,�I�I�I  C++开发工程师 (区块链/比特币/数字贷币),小马股份有限公司西安分公司,1-5万/月,若干
532,�I�I�I  C++开发工程师 (区块链/比特币/数字贷币),小马股份有限公司西安分公司,1-5万/月,若干
533,�I�I�I  C++开发工程师 (区块链/比特币/数字贷币),小马股份有限公司西安分公司,1-5万/月,若干
534,C++开发工程师 (区块链/比特币/数字贷币),小马股份有限公司西安分公司,1-5万/月,若干
535,�I�I�I  C++开发工程师 (区块链/比特币/数字贷币),小马股份有限公司西安分公司,1-5万/月,若干
536,�I�I�I  C++开发工程师 (区块链/比特币/数字贷币),小马股份有限公司西安分公司,1-5万/月,若干
545,c++开发测试工程师,西安博彦信息技术有限公司,0.6-1.2万/月,若干
554,高级C++开发工程师(005859)(职位编号：glodon005859),广联达科技股份有限公司,1.5-2万/月,若干
556,西安星海信息诚聘 C++程序员,陕西星海信息工程有限责任公司,6-8千/月,若干
583,应届生软件开发工程师（IoT，AI，深度学习等方向）,西安三星电子研究有限公司,11-20万/年,若干
584,嵌入式软件开发工程师,西安三星电子研究有限公司,11-40万/年,若干
590,IOS开发工程师,西安环太科技发展有限公司,4-8.5千/月,若干
597,芯片测试工程师,西安紫光国芯半导体有限公司,20-30万/年,若干
610,.NET开发工程师,西安葡萄城信息技术有限公司,0.7-1.5万/月,若干
622,WLAN软件工程师,西安西电捷通无线网络通信股份有限公司,0.5-1万/月,若干
623,高级白盒测试工程师,西安西电捷通无线网络通信股份有限公司,0.6-1.2万/月,若干
629,嵌入式系统研发、测试工程师,迈隆（西安）电子技术有限公司,0.7-1.5万/月,若干
632,Android驱动开发工程师,上海数果科技有限公司,0.8-1.5万/月,若干
634,嵌入式人机交互开发工程师(智慧出入口)(职位编号：uniview001882),浙江宇视科技有限公司,0.6-1.2万/月,若干
635,ISP算法工程师(图像处理技术部)(职位编号：uniview001262),浙江宇视科技有限公司,0.8-1万/月,若干
636,嵌入式ARM开发工程师(算法类)(职位编号：uniview001860),浙江宇视科技有限公司,0.8-1.6万/月,若干
641,嵌入式软件开发工程师(算法类)(职位编号：uniview001310),浙江宇视科技有限公司,0.8-1.5万/月,若干
642,集群系统开发运维工程师(算法类)(职位编号：uniview001364),浙江宇视科技有限公司,0.8-1.5万/月,若干
643,自动化开发与测试(测试中心)(职位编号：uniview001299),浙江宇视科技有限公司,0.5-1万/月,若干
644,深度学习框架优化工程师(算法类)(职位编号：uniview001864),浙江宇视科技有限公司,0.8-1.6万/月,若干
646,ISP 算法工程师(前端类B)(职位编号：uniview000871),浙江宇视科技有限公司,0.8-1.2万/月,若干
648,软件开发工程师（众包平台方向）,陕西浦思金融网络科技有限公司,1-1.5万/月,若干
649,软件开发工程师（支付行业方向）,陕西浦思金融网络科技有限公司,1-1.5万/月,若干
650,软件开发工程师（配送调度平台方向）,陕西浦思金融网络科技有限公司,1-1.5万/月,若干
651,（某500强知名企业）立体视觉算法工程师,西安瀚特人力资源有限公司,2-2.5万/月,若干
652,（某500强知名企业）DSP开发工程师,西安瀚特人力资源有限公司,1.5-2万/月,若干
653,（某500强知名企业）算法优化工程师,西安瀚特人力资源有限公司,1.5-2万/月,若干
654,（某500强知名企业）三维重建算法工程师,西安瀚特人力资源有限公司,2-2.5万/月,若干
655,（某500强知名企业）资深三维计算机视觉算法工程师,西安瀚特人力资源有限公司,2-2.5万/月,若干
657,（某500强知名企业）SLAM算法工程师,西安瀚特人力资源有限公司,1.5-2万/月,若干
658,（某500强知名企业）云业务架构师,西安瀚特人力资源有限公司,1.5-2万/月,若干
659,Linux开发工程师（qt）,西安九州艾维航空科技有限公司,0.8-1万/月,若干
665,（某500强知名企业）系统设计师,西安瀚特人力资源有限公司,1.5-2万/月,若干
668,嵌入式软件工程师-航电方向（校招专用）,西安希德雷达科技有限公司,0.7-1.2万/月,若干
670,（某500强知名企业）PC软件研发设计,西安瀚特人力资源有限公司,1-1.5万/月,若干
671,（某500强企业）Android Framework系统工程师,西安瀚特人力资源有限公司,1-1.5万/月,若干
675,（某500强知名企业）软件项目管理spm,西安瀚特人力资源有限公司,1-1.5万/月,若干
676,（某500强知名企业）高级协议工程师,西安瀚特人力资源有限公司,1.5-2万/月,若干
677,SSC软件开发工程师（某自动化设备测试公司）,西安瀚特人力资源有限公司,2-2.5万/月,若干
687,Android开发工程师,江苏润和软件股份有限公司,0.7-1.5万/月,若干
688,软件工程师（Camera方向）,江苏润和软件股份有限公司,0.7-1.5万/月,若干
689,软件工程师（AR方向）,江苏润和软件股份有限公司,0.7-1.5万/月,若干
690,软件工程师,江苏润和软件股份有限公司,0.7-1.5万/月,若干
691,视频工程师,江苏润和软件股份有限公司,0.7-1.5万/月,若干
692,嵌入式驱动工程师,江苏润和软件股份有限公司,0.7-1.5万/月,若干
706,Linux环境c语言开发工程师,西安交大捷普网络科技有限公司,0.6-1.5万/月,若干
717,C#开发工程师,西安鼎力信息技术有限责任公司,0.8-1.6万/月,若干
725,图像/视频高级算法工程师(职位编号：novatek000586),联咏电子科技（西安）有限公司,1-3万/月,若干
726,深度学习算法工程师(职位编号：novatek000574),联咏电子科技（西安）有限公司,1-2万/月,若干
727,Algorithm Software  工程师(职位编号：novatek000525),联咏电子科技（西安）有限公司,1.5千以下/月,若干
728,机器视觉算法工程师(职位编号：novatek000514),联咏电子科技（西安）有限公司,0.8-1万/月,若干
729,图像/视频算法开发工程师(职位编号：novatek000512),联咏电子科技（西安）有限公司,1-3万/月,若干
730,机器视觉算法工程师(职位编号：novatek000511),联咏电子科技（西安）有限公司,0.8-1万/月,若干
731,算法工程师（机器视觉方向）-XA/H04-XA-01(职位编号：novatek000461),联咏电子科技（西安）有限公司,0.9-2万/月,若干
732,集成电路IC设计/应用工程师-XA/T01-XA-01(职位编号：novatek000457),联咏电子科技（西安）有限公司,1-1.5万/月,若干
733,Senior video algorithm engineer-XA/H04-XA-01(职位编号：novatek000456),联咏电子科技（西安）有限公司,1-3万/月,若干
734,嵌入式软件开发工程师XA/P05-XA-02(职位编号：novatek000449),联咏电子科技（西安）有限公司,1-3万/月,若干
743,软件工程师(职位编号：003),西安海讯科技发展有限公司,1-1.8万/月,若干
744,大数据开发工程师(000669)(职位编号：netposa001892),东方网力科技股份有限公司,1-1.8万/月,若干
751,应用软件工程师,航天恒星空间技术应用有限公司,8-10万/年,若干
753,Web安全SaaS服务研发(J11624),绿盟科技,1-1.8万/月,若干
754,大数据研发工程师（西安）(J10075),绿盟科技,1-1.5万/月,若干
755,后台研发工程师（ROS）(J11589),绿盟科技,1.2-1.5万/月,若干
756,资深软件研发工程师（西安）(J10073),绿盟科技,1-1.5万/月,若干
757,资深软件研发工程师（西安）(职位编号：ZY),绿盟科技,1-1.5万/月,若干
758,中级Android工程师,龙尚科技（上海）有限公司,1-1.5万/月,若干
759,高级Android工程师,龙尚科技（上海）有限公司,1.5-2万/月,若干
760,BSP驱动工程师（RD242）,龙尚科技（上海）有限公司,1.5-2万/月,若干
762,C / 嵌入式软件工程师,上海亿凯信息技术有限公司,15-25万/年,若干
763,车载linux应用高级工程师,上海亿凯信息技术有限公司,15-25万/年,若干
764,高级软件工程师（对日车载导航系统）,上海亿凯信息技术有限公司,15-25万/年,若干
767,对日汽车仪表系统工程师,上海亿凯信息技术有限公司,15-25万/年,若干
768,仪表系统高级研发工程师（对日）,上海亿凯信息技术有限公司,25-35万/年,若干
769,仪表系统研发工程师（对日方向）,上海亿凯信息技术有限公司,10-11万/年,若干
770,软件开发工程师-嵌入式车载导航,上海亿凯信息技术有限公司,15-25万/年,若干
771,软件开发工程师（对日车载导航系统）,上海亿凯信息技术有限公司,15-25万/年,若干
772,对日软件开发工程师（车载导航系统）,上海亿凯信息技术有限公司,10-11万/年,若干
775,camera驱动工程师-XA,深圳奥比中光科技有限公司,1-2万/月,若干
780,DSP开发工程师-XA,深圳奥比中光科技有限公司,1-3万/月,若干
781,算法优化工程师-XA,深圳奥比中光科技有限公司,1-3万/月,若干
782,SDK开发工程师（2019应届)-XA,深圳奥比中光科技有限公司,1-2万/月,若干
783,立体视觉算法工程师（2019应届）-XA,深圳奥比中光科技有限公司,1-2万/月,若干
785,系统软件工程师-XA,深圳奥比中光科技有限公司,1-2万/月,若干
786,ISP算法工程师-XA,深圳奥比中光科技有限公司,1-2万/月,若干
787,SDK开发工程师(Android)-XA,深圳奥比中光科技有限公司,1-2万/月,若干
791,三维重建算法工程师-XA,深圳奥比中光科技有限公司,1.5-3万/月,若干
792,立体视觉算法工程师-XA,深圳奥比中光科技有限公司,1.5-3万/月,若干
803,对日软件工程师(职位编号：001),西安未都网络科技有限公司,4-8千/月,若干
828,结构仿真咨询专家--西安,安世亚太科技股份有限公司,0.8-1.5万/月,若干
831,Web前端开发工程师,NEC-日电卓越软件科技（北京）有限公司西安分公司,0.5-1万/月,若干
835,视觉算法工程师,西安华创人力资源管理咨询有限公司,1-2万/月,若干
836,软件工程师,西安华创人力资源管理咨询有限公司,1-1.3万/月,若干
838,算法优化工程师,西安华创人力资源管理咨询有限公司,1-3万/月,若干
851,嵌入式软件开发工程师,西安兴汇电力科技有限公司,1-1.5万/月,若干
852,�I�I 跨界 人事主管/招聘专员,小马股份有限公司西安分公司,0.5-2.5万/月,若干
853,跨界 人事主管/招聘专员,小马股份有限公司西安分公司,0.5-2.5万/月,若干
854,�I�I 跨界 人事主管/招聘专员,小马股份有限公司西安分公司,0.5-2.5万/月,若干
856,�I�I�I golang开发工程师 (区块链/比特币/数字贷币),小马股份有限公司西安分公司,0.5-2.5万/月,若干
857,�I�I�I golang开发工程师 (区块链/比特币/数字贷币),小马股份有限公司西安分公司,0.5-2.5万/月,若干
858,�I�I�I golang开发工程师 (区块链/比特币/数字贷币),小马股份有限公司西安分公司,0.5-2.5万/月,若干
859,�I�I�I ios 高级开发工程师 �I�I�I,小马股份有限公司西安分公司,0.5-2.5万/月,若干
860,�I�I�I ios 高级开发工程师 �I�I�I,小马股份有限公司西安分公司,0.5-2.5万/月,若干
861,�I�I�I ios 高级开发工程师 �I�I�I,小马股份有限公司西安分公司,0.5-2.5万/月,若干
862,�I�I�I Android 安桌 开发工程师 �I�I�I,小马股份有限公司西安分公司,0.5-2.5万/月,若干
863,Haskell开发工程师,小马股份有限公司西安分公司,0.5-2.5万/月,若干
864,�I�I�IHaskell开发工程师,小马股份有限公司西安分公司,0.5-2.5万/月,若干
865,�I�I�I ios 高级开发工程师 �I�I�I,小马股份有限公司西安分公司,0.5-2.5万/月,若干
866,�I�I�I Node.js开发工程师 �I�I�I,小马股份有限公司西安分公司,0.5-2.5万/月,若干
867,�I�I�I Node.js开发工程师 �I�I�I,小马股份有限公司西安分公司,0.5-2.5万/月,若干
868,�I�I�I java开发工程师�I�I�I,小马股份有限公司西安分公司,0.5-2.5万/月,若干
869,�I�I�I java开发工程师�I�I�I,小马股份有限公司西安分公司,0.5-2.5万/月,若干
870,�I�I�I golang开发工程师 (区块链/比特币/数字贷币),小马股份有限公司西安分公司,0.5-2.5万/月,若干
871,�I�I�I golang开发工程师 (区块链/比特币/数字贷币),小马股份有限公司西安分公司,0.5-2.5万/月,若干
872,�I�I�I golang开发工程师 (区块链/比特币/数字贷币),小马股份有限公司西安分公司,0.5-2.5万/月,若干
873,�I�I�I PHP开发工程师 �I�I�I,小马股份有限公司西安分公司,0.5-2.5万/月,若干
874,�I�I�I PHP开发工程师 �I�I�I,小马股份有限公司西安分公司,0.5-2.5万/月,若干
875,�I�I�I PHP开发工程师 �I�I�I,小马股份有限公司西安分公司,0.5-2.5万/月,若干
876,�I�I�I ios 高级开发工程师 �I�I�I,小马股份有限公司西安分公司,0.5-2.5万/月,若干
877,�I�I�I ios 高级开发工程师 �I�I�I,小马股份有限公司西安分公司,0.5-2.5万/月,若干
878,�I�I�I ios 高级开发工程师 �I�I�I,小马股份有限公司西安分公司,0.5-2.5万/月,若干
879,�I�I�I ios 高级开发工程师 �I�I�I,小马股份有限公司西安分公司,0.5-2.5万/月,若干
880,�I�I�I ios 高级开发工程师 �I�I�I,小马股份有限公司西安分公司,0.5-2.5万/月,若干
881,�I�I�I Android 安桌 开发工程师 �I�I�I,小马股份有限公司西安分公司,0.5-2.5万/月,若干
882,�I�I�I Android 安桌 开发工程师 �I�I�I,小马股份有限公司西安分公司,0.5-2.5万/月,若干
883,�I�I�I Android 安桌 开发工程师 �I�I�I,小马股份有限公司西安分公司,0.5-2.5万/月,若干
884,�I�I 跨界 人事主管/招聘专员,小马股份有限公司西安分公司,0.5-2.5万/月,若干
885,�I�I 跨界 人事主管/招聘专员,小马股份有限公司西安分公司,0.5-2.5万/月,若干
889,�I�I�I Android 安桌 开发工程师 �I�I�I,小马股份有限公司西安分公司,0.5-2.5万/月,若干
890,�I�I�IHaskell开发工程师,小马股份有限公司西安分公司,0.5-2.5万/月,若干
891,�I�I�IHaskell开发工程师,小马股份有限公司西安分公司,0.5-2.5万/月,若干
892,服务器运维工程师,小马股份有限公司西安分公司,0.5-2.5万/月,若干
893,区块链高级开发工程师（公链）,小马股份有限公司西安分公司,0.5-2.5万/月,若干
894,golang开发工程师 (区块链/比特币/数字贷币),小马股份有限公司西安分公司,0.5-2.5万/月,若干
895,�I�I�I golang开发工程师 (区块链/比特币/数字贷币),小马股份有限公司西安分公司,0.5-2.5万/月,若干
896,�I�I�I PHP开发工程师 �I�I�I,小马股份有限公司西安分公司,0.5-2.5万/月,若干
897,�I�I�I PHP开发工程师 �I�I�I,小马股份有限公司西安分公司,0.5-2.5万/月,若干
900,�I�I 跨界 人事主管/招聘专员,小马股份有限公司西安分公司,0.5-2.5万/月,若干
901,�I�I 跨界 人事主管/招聘专员,小马股份有限公司西安分公司,0.5-2.5万/月,若干
906,�I�I�I golang开发工程师 (区块链/比特币/数字贷币),小马股份有限公司西安分公司,0.5-2.5万/月,若干
907,golang开发工程师 (区块链/比特币/数字贷币),小马股份有限公司西安分公司,0.5-2.5万/月,若干
910,�I�I�I Android 安桌 开发工程师 �I�I�I,小马股份有限公司西安分公司,0.5-2.5万/月,若干
911,�I�I�I Android 安桌 开发工程师 �I�I�I,小马股份有限公司西安分公司,0.5-2.5万/月,若干
912,�I�I�I 服务器运维工程师 �I�I�I,小马股份有限公司西安分公司,0.5-2.5万/月,若干
913,�I�I�I 服务器安全工程师 �I�I�I,小马股份有限公司西安分公司,0.5-2.5万/月,若干
914,服务器安全工程师,小马股份有限公司西安分公司,0.5-2.5万/月,若干
915,�I�I�I Android 安桌 开发工程师 �I�I�I,小马股份有限公司西安分公司,0.5-2.5万/月,若干
916,�I�I�I Android 安桌 开发工程师 �I�I�I,小马股份有限公司西安分公司,0.5-2.5万/月,若干
917,�I�I�I ios 高级开发工程师 �I�I�I,小马股份有限公司西安分公司,0.5-2.5万/月,若干
918,区块链高级开发工程师（公链）,小马股份有限公司西安分公司,0.5-2.5万/月,若干
919,�I�I�I Android 安桌 开发工程师 �I�I�I,小马股份有限公司西安分公司,0.5-2.5万/月,若干
920,�I�I�I Android 安桌 开发工程师 �I�I�I,小马股份有限公司西安分公司,0.5-2.5万/月,若干
926,初级开发工程师实习生,西安网盟网络科技有限公司,5-8千/月,若干
927,iOS开发工程师,西安三茗科技股份有限公司,0.8-1.4万/月,若干
929,Linux软件工程师,西安三茗科技股份有限公司,0.8-1万/月,若干
931,软件工程师,西安智熔金属打印系统有限公司,0.6-1.2万/月,若干
932,电气工程师,西安智熔金属打印系统有限公司,5-8千/月,若干
936,TM&CS-嵌入式软件工程师（西安）(职位编号：vertiv000543),维谛技术有限公司,0.6-1.2万/月,若干
940,视觉算法工程师,深圳市道通智能航空技术有限公司,1.5-3万/月,若干
946,华为云-网络工程师,华为技术有限公司,1.5-3万/月,若干
952,通信/算法工程师(实习生),深圳开阳电子股份有限公司,6-8千/月,若干
960,LCD驱动开发工程师,华勤通讯技术有限公司,1-1.5万/月,若干
968,应用软件开发工程师（鼎晟电子）,西安天和防务技术股份有限公司,0.8-1.5万/月,若干
983,测试工程师,新拓三维技术（深圳）有限公司,5-9千/月,若干
984,图像算法工程师,新拓三维技术（深圳）有限公司,3-4.5千/月,若干
991,高级驱动软件工程师（西安）,深圳市有方科技股份有限公司,1.5-2.5万/月,若干
994,Linux驱动开发工程师,北京倍胜智能科技有限公司,0.6-1.2万/月,若干
995,嵌入式软件开发工程师,北京倍胜智能科技有限公司,4.5-9千/月,若干
1003,iOS高级开发工程师,中兴网鲲信息科技（上海）有限公司,0.8-1.2万/月,若干
1008,高级软件工程师,和利时集团--西安和利时,0.9-1.3万/月,若干
1012,JAVA对日软件工程师（长期）,西安民盛计算机技术有限公司,2.5-3万/月,若干
1013,对日软件工程师（长期）,西安民盛计算机技术有限公司,2.5-3万/月,若干
1014,CUDA优化工程师,陕西凯仕企业管理咨询有限公司,1-1.5万/月,若干
1017,Testing Engineer测试工程师,西电通用电气自动化有限公司,0.8-1万/月,若干
1018,Software Engineer软件工程师,西电通用电气自动化有限公司,1-1.5万/月,若干
1019,APP Engineer 应用工程师  （保护）,西电通用电气自动化有限公司,1-1.5万/月,若干
1020,Software Engineer软件工程师,西电通用电气自动化有限公司,1-1.5万/月,若干
1022,MXA CTE  Yield Enhancement Engineer(欢迎应届生),美光半导体（西安）有限责任公司,1-1.5万/月,若干
1023,MXA CTE Process Automation Engineer(欢迎应届生),美光半导体（西安）有限责任公司,1-1.5万/月,若干
1028,算法工程师,江苏金智科技股份有限公司,1-1.5万/月,若干
1042,高级算法工程师,西安航天华迅科技有限公司,0.9-1.5万/月,若干
1045,unity 开发工程师,西安石核信息科技有限公司,4-8千/月,若干
1065,高级图形/CAD开发工程师,西安海平方网络科技有限公司,1.5-2.5万/月,若干
1067,遥感算法设计师,航天星图科技（北京）有限公司,0.5-1万/月,若干
1075,相机嵌入式软件工程师,深圳市大疆创新科技有限公司,2-4万/月,若干
1076,嵌入式研发工程师（系统开发）-西安,深圳市大疆创新科技有限公司,1.5-2.5万/月,若干
1077,嵌入式研发工程师（算法优化）-西安,深圳市大疆创新科技有限公司,1.5-2.5万/月,若干
1082,PC软件开发工程师,深圳前向启创数码技术有限公司西安分公司,0.5-1.4万/月,若干
1083,驱动开发工程师(职位编号：FSE 003),深圳前向启创数码技术有限公司西安分公司,0.6-1.2万/月,若干
1084,嵌入式软件工程师(职位编号：FSE 002),深圳前向启创数码技术有限公司西安分公司,1-2万/月,若干
1085,算法工程师（图像处理）(职位编号：FSE 001),深圳前向启创数码技术有限公司西安分公司,1.2-2万/月,若干
1087,Unity3d游戏开发工程师,苏州天魂网络科技股份有限公司,0.6-1.2万/月,若干
1102,上位机开发,迈隆（西安）电子技术有限公司,0.8-1万/月,若干
1106,协议工程师,西安闻泰电子科技有限公司,1.5-2万/月,若干
1107,手机驱动软件工程师,西安闻泰电子科技有限公司,1.5-2万/月,若干
1118,IC测试驻厂工程师,矽力杰半导体技术（杭州）有限公司,8-10万/年,若干
1119,桥梁设计软件研发工程师,深圳高速工程顾问有限公司,10-30万/年,若干
1124,三维图形学研发工程师,西安知象光电科技有限公司,15-25万/年,若干
1125,3D点云算法工程师,西安知象光电科技有限公司,15-20万/年,若干
1128,后端研发工程师(职位编号：003),西安速度时空大数据科技有限公司,1-1.5万/月,若干
1136,Java高级开发工程师,Thoughtworks,1.5-2万/月,若干
1144,软件工程师（Linux）,西安天箭防务科技有限公司,0.8-1.5万/月,若干
1145,系统工程师,恩梯梯数据（中国）信息技术有限公司西安分公司,0.8-1万/月,若干
1147,智能计算运维面设计师,华为技术有限公司,3-4万/月,若干
1151,算法设计工程师,西安中科创星科技孵化器有限公司,0.9-1.3万/月,若干
1158,软件开发高级经理,比亚迪精密制造有限公司,2.8-4.2万/月,若干
1160,软件实施工程师,上海指旺信息科技有限公司西安分公司,6-8千/月,若干
1170,嵌入式算法开发工程师,中兴通讯股份有限公司,1.5-2万/月,若干
1177,Python开发实习生（西安）(职位编号：ZY),绿盟科技,130元/天,若干
1178,CAE软件开发工程师,上海数巧信息科技有限公司,10-15万/月,若干
511,软件工程师（Java C++）2019,南京烽火星空通信发展有限公司,1-1.6万/月,60
17,校招-C++开发工程师-西安-03878,武汉佰钧成技术有限责任公司,4.5-9千/月,50
1171,C语言老师,上海傲梦网络科技有限公司,6-8千/月,50
66,C/C++软件开发工程师,南瑞集团有限公司,0.8-1.6万/月,30
238,会日语的软件开发 高级软件开发,延边吉和商事贸易有限公司,18.6-43.4万/年,30
409,日本大型IT公司招聘赴东京软件开发人才,重庆兴贤出国咨询服务有限公司,15-20万/年,30
484,嵌入式软件工程师（2019应届生）,盛科网络（苏州）有限公司,1-1.5万/月,30
1154,芯片设计/验证工程师（2019应届生）,盛科网络（苏州）有限公司,1-1.8万/月,30
503,软件工程师（应届生）,裕日软件有限公司,1.5千以下/月,25
6,C++软件开发工程师,西安寰宇卫星测控与数据应用有限公司,0.8-1.4万/月,20
57,C/C++工程师,大连华信计算机技术股份有限公司,1.5-2万/月,20
92,C/C++开发,中软国际科技服务有限公司,6-8千/月,20
105,核心网协议开发工程师（C/C++开发）-西安,大唐移动通信设备有限公司,0.5-2万/月,20
220,IT工程师技术员Java，PHP，c#等,湖北一片语科技有限公司,1.2-4万/月,20
223,软件工程师,西安奥卡云数据科技有限公司,1-1.5万/月,20
428,对日软件工程师,上海网云信息咨询有限公司,1.2-3万/月,20
562,C++编程讲师,上海傲梦网络科技有限公司,400元/天,20
564,软件工程师（应届生）,西安华讯科技有限责任公司,4.5-6千/月,20
639,AI算法开发工程师(算法类)(职位编号：uniview001193),浙江宇视科技有限公司,0.8-1.2万/月,20
973,驱动软件开发工程师(校园招聘）,美格智能西安研究所,6-8千/月,20
308,JAVA开发实习助理,明德博学（北京）教育科技有限公司,4.5-6千/月,18
424,研发岗,北京全路通信信号研究设计院集团有限公司,0.6-2万/月,18
462,初级java工程师,销售易,0.5-1万/月,15
546,研发管培生（java开发/c++开发/数据建模）,上海天跃科技股份有限公司,1-1.5万/月,15
640,软件测试工程师(测试中心)(职位编号：uniview001200),浙江宇视科技有限公司,0.6-1.2万/月,15
825,软件开发工程师（嵌入式）,西安翔迅科技有限责任公司,0.8-1.3万/月,15
514,C/C++软件开发工程师(平台类)(职位编号：uniview001205),浙江宇视科技有限公司,0.6-1.2万/月,14
2,游戏开发工程师C++/Junior Software Engineer C++,维塔士电脑软件（西安）有限公司,4-8千/月,10
4,C++开发工程师,西安鼎力信息技术有限责任公司,1-2万/月,10
22,C++开发工程师（控制系统）,北京亚控科技发展有限公司,12-15万/年,10
27,知名互联网科技公司招C++工程师,合肥源动力经营者人才有限公司,1.5-2万/月,10
38,软件开发工程师（C/C++）,珠海市鸿瑞信息技术股份有限公司,0.5-1万/月,10
70,C/C++ 软件工程师（分布式数据库开发）,北京优炫软件股份有限公司,0.8-1.2万/月,10
73,C++开发工程师,西安华信智慧数字科技有限公司,0.8-1.6万/月,10
104,2019届应届生（C++后台开发）,乐刷科技有限公司,1.5-2万/月,10
132,西安星海信息诚聘 C++程序员,陕西星海信息工程有限责任公司,6-8千/月,10
165,JAVA对日软件工程师,阿富络希信息科技（济南）有限公司,1-5万/月,10
168,软件开发工程师,西安航天恒星科技实业（集团）有限公司,0.6-1.2万/月,10
193,Python开发工程师----外派绿盟网络安全业务,西安鼎拓信息科技有限公司,0.6-1万/月,10
197,微软软件研发工程师,西安华美海润软件工程有限公司,0.4-1万/月,10
229,软件工程师,陕西俊采星驰软件有限公司,0.5-1.5万/月,10
249,软件测试工程师(职位编号：1),西安新空间计算机有限责任公司,6-8千/月,10
273,嵌入式开发工程师,上海宝宏软件有限公司,0.7-1.4万/月,10
331,软件工程师,西安艾达电子科技有限公司,0.6-1.2万/月,10
373,初中高级IT工程师,西安嘉泰网络信息技术有限公司,1-1.5万/月,10
379,软件开发工程师,西安启源软件技术有限责任公司,0.7-1.2万/月,10
447,系统运维工程师,陕西重型汽车有限公司,6-8千/月,10
459,电控工程师（应届生）,西安双特智能传动有限公司,4.5-6千/月,10
478,Windows高级开发工程师,西安驱动人生软件技术有限公司,0.5-2万/月,10
494,软件工程师技术人员Java、SAP、PHp等,NPC株式会社,1.5-4万/月,10
504,嵌入式软件工程师,西安航天民芯科技有限公司,10万以上/月,10
505,Junior C++ Programmer/初级C++开发工程师,维塔士电脑软件（西安）有限公司,6-8千/月,10
520,C++工程师(数据产品),东方网力科技股份有限公司,1-2万/月,10
555,C++软件开发工程师,北京亚控科技发展有限公司,0.8-1万/月,10
557,C++开发工程师（控制系统）,北京亚控科技发展有限公司,12-16万/年,10
560,C++开发工程师（控制系统）,北京亚控科技发展有限公司,10-20万/年,10
565,芯片测试系统应用工程师,西安华讯科技有限责任公司,0.5-1万/月,10
605,半导体芯片测试系统应用工程师（应届生）,西安华讯科技有限责任公司,4.5-6千/月,10
606,软件测试工程师（应届生）,西安华讯科技有限责任公司,4.5-6千/月,10
628,应用软件工程师-西安,大唐移动通信设备有限公司西安分公司,0.8-1.3万/月,10
638,芯片性能优化工程师(算法类)(职位编号：uniview001194),浙江宇视科技有限公司,0.8-1.2万/月,10
685,Android telephone工程师,江苏润和软件股份有限公司,1-1.5万/月,10
718,嵌入式软件工程师,陕西俊采星驰软件有限公司,0.5-1.5万/月,10
736,高新诚聘C#，C/S软件工程师,西安朝阳医疗信息产业有限责任公司,1-1.5万/月,10
737,C#，C/S.NET软件开发工程师,西安朝阳医疗信息产业有限责任公司,0.8-1.5万/月,10
738,.NET开发,西安朝阳医疗信息产业有限责任公司,0.4-1.5万/月,10
739,软件开发工程师,西安朝阳医疗信息产业有限责任公司,0.5-1.5万/月,10
796,语义理解算法工程师,TCL集团工业研究院,0.8-1.5万/月,10
797,语音合成算法工程师,TCL集团工业研究院,0.8-1.5万/月,10
844,安卓开发工程师,大连华信计算机技术股份有限公司,0.8-1.5万/月,10
943,Android开发工程师,西安华信智慧数字科技有限公司,0.8-1.6万/月,10
972,应用软件工程师,美格智能西安研究所,1-1.5万/月,10
1029,2019届校园招聘-开发测试工程师,西安博彦信息技术有限公司,4.5-6千/月,10
1053,嵌入式软件工程师,西安特锐德智能充电科技有限公司,1-1.5万/月,10
1148,存储研发工程师（杭州/成都/西安）,华为技术有限公司,1.5-3.5万/月,10
1175,C++开发工程师（实习生）,北京北信源软件股份有限公司,2-4千/月,10
142,.NET开发工程师,西安新视窗科技有限公司,0.6-1.2万/月,9
1055,电力电子软件工程师,西安特锐德智能充电科技有限公司,0.6-1.5万/月,9
78,C++软件开发工程师,美格智能西安研究所,0.8-1.5万/月,8
362,多媒体工程师（应届毕业生亦可）,上海链家,5-7千/月,8
577,网络实习生（安全/运维/优化/通信）零基础,陕西巨人商务信息咨询有限公司,4.5-6千/月,8
578,PHP/NET/C++/C#ASP/JAVA/WEB开发程序员,陕西巨人商务信息咨询有限公司,6-8千/月,8
971,装备软件开发工程师,美格智能西安研究所,0.8-1.5万/月,8
1002,软件测试工程师,郑州信大捷安信息技术股份有限公司,4-8千/月,8
542,Windows C/C++开发工程师,郑州信大捷安信息技术股份有限公司,0.8-1.5万/月,7
36,C/C++/C#开发工程师/应届生,陕西速橘丰信息科技有限公司,3-4.5千/月,6
83,Linux C/C++开发工程师,郑州信大捷安信息技术股份有限公司,0.8-1.5万/月,6
145,嵌入式软件工程师（五险一金、双休）,西安星恒通通信技术有限公司,0.8-1.2万/月,6
182,图像视频处理算法工程师,苏州中科全象智能科技有限公司,15-25万/年,6
221,项目助理/实施工程师(职位编号：YW),上海数慧系统技术有限公司,4-8千/月,6
242,对日IOS软件工程师,大连维思创新科技有限公司,1.5-3万/月,6
408,金融云服务工程师-A05(职位编号：A05),赞同科技股份有限公司,6-8千/月,6
525,C/C++软件开发工程师,NEC-日电卓越软件科技（北京）有限公司西安分公司,5-9千/月,6
579,软件开发工程师(java/安卓/web/UI)零基础,陕西巨人商务信息咨询有限公司,6-8千/月,6
580,急聘网络/通信/运维/安全（初级/中级）,陕西巨人商务信息咨询有限公司,4.5-6千/月,6
588,QT开发工程师,西安海讯科技发展有限公司,0.8-2万/月,6
637,软件开发工程师(海外与分销)(职位编号：uniview001203),浙江宇视科技有限公司,0.6-1.2万/月,6
819,移动端游戏测试工程师/实习生（双休+4k-6k）,西安卓睿信息技术有限公司,4.5-6千/月,6
824,软件工程师,西安翔迅科技有限责任公司,0.8-1.3万/月,6
841,多媒体/游戏开发工程师实习生,西安卓睿信息技术有限公司,4.5-6千/月,6
842,算法工程师实习生,西安卓睿信息技术有限公司,4.5-6千/月,6
1010,Android/Python/开发工程师,上海链家,0.7-1.5万/月,6
15,C/C++/C#开发工程师/应届生,西安云间信息科技有限公司,6-8千/月,5
18,Linux . 高级C/C++软件工程师,西安西电捷通无线网络通信股份有限公司,0.6-1.2万/月,5
31,Qt/C++软件开发工程师,西安北斗安全技术有限公司,0.8-1万/月,5
45,C++开发工程师-XA,深圳奥比中光科技有限公司,1-3万/月,5
46,C++高级开发工程师（18K底薪+高项目奖金）,北京宜选科技股份公司,1.2-1.8万/月,5
94,C++开发工程师,深圳天源迪科信息技术股份有限公司北京办事处,0.6-1.1万/月,5
103,C++开发工程师,西安市同创西雁电子技术有限公司,0.6-1万/月,5
106,C++研发人员（运-运营支撑产品部）,大唐电信科技股份有限公司,0.8-1万/月,5
110,C++开发工程师,西安深思信息科技有限公司,0.8-1万/月,5
125,C++/Qt 开发工程师,西安速度时空大数据科技有限公司,0.8-1.2万/月,5
137,C++开发工程师,北京超图软件股份有限公司,0.8-1万/月,5
138,C++开发工程师,西安增材制造国家研究院有限公司,0.8-1.6万/月,5
143,嵌入式研发工程师,北京安控科技股份有限公司,0.8-1.2万/月,5
147,系统研发工程师,远江盛邦（北京）网络安全科技股份有限公司,0.5-1万/月,5
149,IT软件开发工程师,西安思达典雅软件有限公司,1-1.5万/月,5
158,资深算法工程师（计算机视觉）,西安三星电子研究有限公司,21-35万/年,5
172,行业JAVA 开发工程师,西安环太科技发展有限公司,5-8千/月,5
183,控制软件开发（储备岗）,无锡先导智能装备股份有限公司,0.8-1万/月,5
186,容器云平台开发工程师,大唐移动通信设备有限公司西安分公司,0.8-1.3万/月,5
208,对日SE,西安华炎信息科技有限公司,1-1.5万/月,5
209,A24-1算法工程师,西安卓睿信息技术有限公司,3-4.5千/月,5
218,软件工程师,华天慧创科技（西安）有限公司,0.5-1.2万/月,5
235,嵌入式软件工程师,陕西泰新博坤智能科技有限公司,6-8千/月,5
254,RD-Android Framework开发工程师,TCL集团工业研究院,1-1.5万/月,5
271,PLM开发工程师,北京能科瑞元数字技术有限公司,1-3万/月,5
286,IOS软件开发工程师,深圳兆日科技股份有限公司,1-1.5万/月,5
292,电气设计工程师,中节能西安启源机电装备有限公司,6-8千/月,5
298,IC系统工程师,陕西亚成微电子股份有限公司,0.6-1.2万/月,5
318,.NET高级开发工程师,西安获德图像技术有限公司,1-1.5万/月,5
329,算法工程师（机器学习）(000425)(职位编号：000425),紫光陕数大数据有限公司,1-2万/月,5
346,MES实施项目经理,北京安控科技股份有限公司,1-2万/月,5
347,IT系统工程师,三星环新（西安）动力电池有限公司,6-8千/月,5
371,Java开发工程师,深圳市讯方技术股份有限公司,0.7-1.5万/月,5
394,区块链开发工程师,小马股份有限公司,0.7-3.5万/月,5
395,中级软件工程师,北京中天星控科技开发有限公司西安分公司,1-1.5万/月,5
404,Android系统框架工程师,努比亚技术有限公司,1.5-2万/月,5
414,嵌入式Linux驱动开发工程师,深圳前向启创数码技术有限公司西安分公司,0.8-1.5万/月,5
427,网页/制作/美工/软件开发实习生,西安利和时代互联网科技有限公司,4.5-6千/月,5
431,QT开发工程师,上海艾飞能源科技有限公司,0.6-1万/月,5
434,IC测试工程师,上海盘石实业有限公司,4-7千/月,5
448,嵌入式软件开发,陕西天行健车联网信息技术有限公司,0.8-1.5万/月,5
460,嵌入式软件工程师,英恒科技（中国）有限公司,1-1.8万/月,5
509,射频工程师（C/C++）,陕西九鼎通信技术有限公司,0.9-1.8万/月,5
518,C++开发工程师,陕西浦思金融网络科技有限公司,6-8千/月,5
526,高级C/C++工程师,大连华信计算机技术股份有限公司,1-1.5万/月,5
540,Linux C/C++ 初级软件工程师（应届生）,格尔软件股份有限公司,0.5-1万/月,5
541,c#/c++软件工程师,西安征途网络科技有限公司,0.8-1万/月,5
553,C++开发工程师(职位编号：004),西安市同创西雁电子技术有限公司,0.4-1万/月,5
561,C++开发工程师,西安市同创西雁电子技术有限公司,0.6-1万/月,5
563,C++开发工程师,西安市同创西雁电子技术有限公司,0.6-1万/月,5
571,系统研发工程师,远江盛邦（北京）网络安全科技股份有限公司,0.5-1万/月,5
572,软件工程师,西安思达典雅软件有限公司,1-1.5万/月,5
574,初/中/高级/软硬件开发/网络通信工程师,西安云间信息科技有限公司,6-8千/月,5
585,Software Engineer(Machine Learning),西安三星电子研究有限公司,1-2万/月,5
592,装备软件开发工程师,陕西九鼎通信技术有限公司,0.9-1.8万/月,5
593,linux驱动开发工程师,陕西九鼎通信技术有限公司,1.1-2.2万/月,5
594,嵌入式开发应用软件工程师,陕西九鼎通信技术有限公司,1.1-1.8万/月,5
595,协议软件工程师,陕西九鼎通信技术有限公司,0.9-1.8万/月,5
602,Software Development Engineer,HCL Technologies (Shanghai) Limited,0.9-1.2万/月,5
617,Linux软件工程师,西安西电捷通无线网络通信股份有限公司,0.5-1.2万/月,5
618,Linux驱动软件工程师,西安西电捷通无线网络通信股份有限公司,0.6-1.2万/月,5
619,Windows/Linux开发工程师,西安西电捷通无线网络通信股份有限公司,0.6-1.2万/月,5
620,Windows驱动开发工程师,西安西电捷通无线网络通信股份有限公司,0.5-1万/月,5
625,云计算虚拟化开发工程师,大唐移动通信设备有限公司西安分公司,1-1.5万/月,5
626,电信云5G传输业务工程师,大唐移动通信设备有限公司西安分公司,0.8-1.3万/月,5
627,核心网协议开发工程师-西安,大唐移动通信设备有限公司西安分公司,0.8-1.3万/月,5
631,Golang服务器开发工程师_西安,深圳市众乐网视文化传播有限公司,2.5-3万/月,5
656,Python高级开发工程师--------外派绿盟网络安全业务,西安鼎拓信息科技有限公司,1-1.5万/月,5
672,研发工程师岗,陕西微盟信息技术有限公司,1.1-1.7万/月,5
684,AR工程师,江苏润和软件股份有限公司,1-1.5万/月,5
686,音频工程师,江苏润和软件股份有限公司,0.7-1.5万/月,5
694,GNSS算法工程师（2019应届生）,广东星舆科技有限公司,1.2-1.6万/月,5
700,.net高级工程师(c#),西安北斗安全技术有限公司,1-1.5万/月,5
702,软件测试工程师,深圳市中兴物联科技有限公司,1-1.5万/月,5
703,BSP工程师,深圳市中兴物联科技有限公司,1-1.8万/月,5
707,Linux环境c语言开发工程师,西安交大捷普网络科技有限公司,1-1.5万/月,5
714,高级存储研发工程师,西安奥卡云数据科技有限公司,3-4万/月,5
715,云后端开发工程师,西安奥卡云数据科技有限公司,1.5-2万/月,5
740,HIS开发工程师,西安朝阳医疗信息产业有限责任公司,1-1.5万/月,5
766,驱动开发,上海亿凯信息技术有限公司,10-11万/年,5
773,EDI项目技术支持/实施,西安知行软件有限公司,4-6千/月,5
774,软件工程师,西安知行软件有限公司,1-2万/月,5
794,RD-人工智能工程师,TCL集团工业研究院,1-1.5万/月,5
827,嵌入式应用软件工程师,上海禾苗通信技术有限公司,1-2万/月,5
834,三维重建算法工程师,西安华创人力资源管理咨询有限公司,2.5-3万/月,5
843,Android高级开发工程师,大连华信计算机技术股份有限公司,1-1.5万/月,5
845,软件工程师（自控类）,中节能西安启源机电装备有限公司,6-8千/月,5
855,�I�I�I 区块链工程师 �I�I�I,小马股份有限公司西安分公司,0.7-3.5万/月,5
886,区块链工程师,小马股份有限公司西安分公司,0.7-3.5万/月,5
887,PHP开发工程师,小马股份有限公司西安分公司,0.4-2万/月,5
888,PHP开发工程师,小马股份有限公司西安分公司,0.4-2万/月,5
898,iOS开发工程师,小马股份有限公司西安分公司,0.5-2万/月,5
902,区块链工程师,小马股份有限公司西安分公司,0.7-3.5万/月,5
903,�I�I�I 区块链工程师 �I�I�I,小马股份有限公司西安分公司,0.7-3.5万/月,5
904,�I�I�I 区块链工程师 �I�I�I,小马股份有限公司西安分公司,0.7-3.5万/月,5
905,�I�I�I 区块链工程师 �I�I�I,小马股份有限公司西安分公司,0.7-3.5万/月,5
908,PHP开发工程师,小马股份有限公司西安分公司,0.4-2万/月,5
909,PHP开发工程师,小马股份有限公司西安分公司,0.4-2万/月,5
924,PHP开发工程师,小马股份有限公司西安分公司,0.4-2万/月,5
925,区块链工程师,小马股份有限公司西安分公司,0.7-3.5万/月,5
934,Unity3D开发工程师,西安灵境科技有限公司,0.6-1.2万/月,5
961,Android驱动开发工程师(LCD/TP/Sensor/指纹),华勤通讯技术有限公司,0.8-2万/月,5
975,协议软件工程师,美格智能西安研究所,2-3万/月,5
1021,C#软件开发工程师,西安奥卡云数据科技有限公司,1.5-2万/月,5
1054,应用软件工程师,西安特锐德智能充电科技有限公司,0.6-1.3万/月,5
1059,应用软件工程师-西安,大唐移动通信设备有限公司,0.8-1.3万/月,5
1062,Python开发工程师,西安深思信息科技有限公司,0.8-1万/月,5
1063,Java高级开发工程师,西安深思信息科技有限公司,6-8千/月,5
1086,安全开发工程师(西安）-西北服务交付部,绿盟科技,0.8-1.5万/月,5
1101,自动控制工程师,西安龙德科技发展有限公司,4.5-6千/月,5
1105,VR/AR开发工程师,西安闻泰电子科技有限公司,1-1.5万/月,5
1127,Cocos2dx开发,陕西星海信息工程有限责任公司,4.5-8千/月,5
1135,对日软件开发实习生(职位编号：000),西安未都网络科技有限公司,1.5千以下/月,5
1153,软件开发实习生,北京讯通安添通讯科技有限公司西安分公司,3-5千/月,5
10,C++ Development Engineer,HCL Technologies (Shanghai) Limited,1-1.5万/月,4
84,C++初级工程师,西安基石睿盛信息技术有限公司,6-8千/月,4
118,应用软件工程师（C++、vb等）,西安龙德科技发展有限公司,1-1.5万/月,4
130,C++软件工程师（西安）,西安开道万软件有限公司,12-24万/年,4
131,C、C++开发,北京瑞友科技股份有限公司,0.7-1.5万/月,4
140,Linux C++开发工程师,诚迈科技（武汉分公司）―武汉诚迈科技有限公司,0.8-1.5万/月,4
157,Android Framework及系统工程师,西安安谷运合软件技术有限公司,0.7-1.4万/月,4
196,00079-软件测试工程师,上海京颐科技股份有限公司,0.6-1万/月,4
287,应用开发工程师,北京联盛德微电子有限责任公司,1.2-2万/月,4
500,高级/软件工程师,比亚迪精密制造有限公司,1-2万/月,4
516,C/C++研发工程师,北京明朝万达科技股份有限公司,1-2万/月,4
522,c/c++开发工程师(2019应届生)(001868)(职位编号：netposa001868),东方网力科技股份有限公司,0.8-1.5万/月,4
538,C/C++ 软件工程师,北京优炫软件股份有限公司,0.8-1.2万/月,4
543,C++开发工程师,西安基石睿盛信息技术有限公司,0.8-1.5万/月,4
591,软件工程师,西安天隆科技有限公司,6-8千/月,4
615,Linux研发工程师（代北京利云技术招聘）,西安西电捷通无线网络通信股份有限公司,1.2-2.5万/月,4
616,windows研发工程师（代北京利云技术招聘）,西安西电捷通无线网络通信股份有限公司,1.2-2.5万/月,4
678,AI资深算法工程师,江苏润和软件股份有限公司,1.5-2万/月,4
699,电力系统分析师(职位编号：09001),西安市双合软件技术有限公司,0.8-1.3万/月,4
716,Java开发工程师,北京信安世纪科技股份有限公司,0.8-1万/月,4
778,软件工程师-XA-XT-007,深圳奥比中光科技有限公司,0.7-1.5万/月,4
992,驱动软件工程师（西安）,深圳市有方科技股份有限公司,1-1.5万/月,4
1034,信息化系统工程师,西安航天自动化股份有限公司,3-7千/月,4
1037,应用软件工程师（中凌锐通）,上海普适导航科技股份有限公司,1-1.5万/月,4
1056,系统架构师,小马股份有限公司,1.5-2万/月,4
1143,CAE研发工程师（结构/固体力学）,英特工程仿真技术（大连）有限公司,0.6-1.2万/月,4
19,C/C++中级软件工程师,苏州海加网络科技股份有限公司,0.6-1.2万/月,3
20,C++开发工程师,深圳市众乐网视文化传播有限公司,2.5-3万/月,3
51,Windows C++工程师,西安翔迅科技有限责任公司,0.7-1.2万/月,3
54,软件开发工程师（C/C++/Java）,NEC-日电卓越软件科技（北京）有限公司西安分公司,5-9千/月,3
61,C/C++开发工程师,西安栎安科技有限公司,0.5-1.5万/月,3
81,Linux C/C++ 高级软件工程师,格尔软件股份有限公司,1-1.5万/月,3
82,Windows c++工程师,西安征途网络科技有限公司,1-1.5万/月,3
86,C/C++软件工程师,西安创亿达微电子测控系统有限公司,1-1.6万/月,3
95,c++软件工程师,西安博彦信息技术有限公司,0.8-1.6万/月,3
99,C++软件工程师,利驰软件,0.8-1.3万/月,3
111,C++开发工程师,西安海平方网络科技有限公司,1-1.5万/月,3
117,C/C++软件工程师,西安融科通信技术有限公司,0.8-1.5万/月,3
134,c++软件工程师,北京中科戎大科技股份有限公司,0.6-1.5万/月,3
146,初级软件工程师/实习生,西安网盟网络科技有限公司,6-8千/月,3
148,PHP软件工程师,西安英兆软件信息有限责任公司,4-6千/月,3
152,算法优化工程师,维视科技（西安）有限公司,1-2万/月,3
153,嵌入式软件工程师,西安比尔电子科技有限公司,6-8千/月,3
154,嵌入式硬件软件开发,陕西巨人商务信息咨询有限公司,6-8千/月,3
159,DSP工程师,西安思丹德信息技术有限公司,1.5-2.5万/月,3
174,DELMIA应用工程师,上海安托信息技术有限公司,8-13万/年,3
176,固件工程师,西安奇维科技有限公司,0.8-1.2万/月,3
203,AI算法工程师,江苏润和软件股份有限公司,1-1.5万/月,3
204,SLAM算法工程师,广东星舆科技有限公司,1.5-3万/月,3
213,软件开发工程师,瑞斯康达科技发展股份有限公司,0.8-1万/月,3
214,高级测试工程师,上海思伟软件有限公司,1.5-2万/月,3
224,设备研发工程师,西安博恩生物科技有限公司,0.6-1.5万/月,3
225,linuxC软件工程师,北京信安世纪科技股份有限公司,1-1.5万/月,3
227,电子产品软件开发工程师,西安晨力电子科技有限公司,0.4-1万/月,3
236,大数据架构师,西安朝阳医疗信息产业有限责任公司,1.5-2万/月,3
260,单片机开发工程师,西安山脉科技发展有限公司,0.8-1.2万/月,3
266,测试工程师x,上海隆耀网络科技有限公司,6-8千/月,3
288,高级软件工程师,西安铂力特增材技术股份有限公司,1-1.5万/月,3
299,算法及算法应用工程师,杭州英歌智达科技有限公司,0.8-3万/月,3
313,机器人算法工程师,西安培韵智能科技有限公司,6-8千/月,3
314,嵌入式软件工程师,宁波创导三维医疗科技有限公司,5-8千/月,3
336,软件工程师(职位编号：3),西安伟伦实业发展有限公司,0.8-1.2万/月,3
345,算法工程师（广州AI投资项目岗位）,深圳市前海首润投资管理有限公司,0.8-1万/月,3
351,软件工程师,西安桥邦智能科技有限公司,5-8千/月,3
356,软件工程师,特变电工西安电气科技有限公司,1-1.5万/月,3
365,工业软件工程师,合肥宏晶微电子科技股份有限公司,1-1.5万/月,3
367,软件工程师,西安瑞斯通轨道交通电气有限公司,0.8-2万/月,3
375,iOS开发工程师,陕西运�Z网络科技有限公司,0.8-1万/月,3
377,控制算法工程师,陕西齐力电气有限公司,0.8-1万/月,3
382,嵌入式软件工程师,西安诺曼电子科技有限公司,0.8-1.2万/月,3
392,电力电子软件开发工程师,西安特锐德智能充电科技有限公司,20-30万/年,3
400,JAVA .NET C ANDROID PHP 软件开发工程师,荣慧（大连）电子商务有限公司,2-2.5万/月,3
407,DICOM影像工程师,太极计算机股份有限公司,1-2万/月,3
457,程序化模型编写员,深圳康宝亮资产管理有限公司,4-6千/月,3
458,数字信号处理算法工程师,西安华瑞恒泰信息技术有限公司,0.5-1.5万/月,3
480,Android Framework架构和底软优化工程师,北京讯通安添通讯科技有限公司西安分公司,1.5-2万/月,3
492,高级开发工程师,比亚迪精密制造有限公司,1.8-3.6万/月,3
495,Python开发工程师,上海指旺信息科技有限公司西安分公司,0.6-1.6万/月,3
510,C++开发工程师,陕西九鼎通信技术有限公司,0.6-1.2万/月,3
513,C/C++高级软件工程师,苏州海加网络科技股份有限公司,1-2万/月,3
521,C++工程师(001287)(职位编号：netposa001287),东方网力科技股份有限公司,1-1.5万/月,3
537,C++高级研发工程师,小马股份有限公司西安分公司,0.7-3.5万/月,3
552,C++中级软件工程师,江苏锐天信息科技有限公司西安分公司,0.8-1.1万/月,3
559,软件开发工程师/C++开发工程师,北京亚控科技发展有限公司,1-1.5万/月,3
566,VC++开发工程师,北京北信源软件股份有限公司,6-8千/月,3
599,嵌入式软件工程师,西安奇维科技有限公司,0.8-1.2万/月,3
679,Android高级开发- AI应用开发,江苏润和软件股份有限公司,1-1.5万/月,3
680,AI资深开发工程师,江苏润和软件股份有限公司,1-1.5万/月,3
681,AI芯片驱动工程师,江苏润和软件股份有限公司,1.5-2万/月,3
682,AI资深算法工程师,江苏润和软件股份有限公司,1.5-2万/月,3
683,AI验证工程师,江苏润和软件股份有限公司,0.8-1万/月,3
696,Linux网络开发工程师,杭州世平信息科技有限公司,0.7-1.5万/月,3
698,软件工程师,西安市双合软件技术有限公司,4-8千/月,3
701,装备软件工程师,西安北斗安全技术有限公司,1-1.5万/月,3
710,Linux软件工程师（双休/五险一金/班车）,西安安森智能仪器股份有限公司,0.9-1.8万/月,3
735,Java高级开发工程师(职位编号：001),西安朝阳医疗信息产业有限责任公司,1-1.5万/月,3
746,大数据开发工程师,东方网力科技股份有限公司,1.3-1.8万/月,3
800,软件开发工程师（西安）,北京和利时系统工程有限公司,0.8-1万/月,3
804,多媒体/游戏开发工程师x,上海隆耀网络科技有限公司,6-8千/月,3
814,中级工程师,北京华软金科信息技术有限公司,0.8-1万/月,3
815,高级工程师,北京华软金科信息技术有限公司,1-1.5万/月,3
818,大数据校园招聘实习生,西安卓睿信息技术有限公司,4.5-6千/月,3
820,软件测试工程师,西安翔迅科技有限责任公司,5-9千/月,3
823,控制系统仿真建模应用工程师,西安翔迅科技有限责任公司,0.6-1.2万/月,3
826,嵌入式驱动软件开发工程师,上海禾苗通信技术有限公司,1-2万/月,3
832,C语言开发实习生,NEC-日电卓越软件科技（北京）有限公司西安分公司,2-3千/月,3
833,软件工程师,西安铂力特增材技术股份有限公司,1-1.5万/月,3
840,计算机视觉算法工程师（人脸识别）,西安华创人力资源管理咨询有限公司,2.5-3万/月,3
849,实习生―深度学习方向,杭州英歌智达科技有限公司,2.5-5千/月,3
921,Python高级开发工程师,小马股份有限公司西安分公司,0.5-2.5万/月,3
922,Java高级开发工程师,小马股份有限公司西安分公司,0.8-4万/月,3
928,Web开发工程师,西安三茗科技股份有限公司,0.8-1.4万/月,3
949,算法工程师（OCR）,陕西淘丁实业集团有限公司,1.5-2万/月,3
959,结构CAE工程师,西安午阳信息科技有限责任公司,1-1.5万/月,3
962,Android驱动工程师,华勤通讯技术有限公司,1-2万/月,3
970,嵌入式软件设计师,西安天和防务技术股份有限公司,1-1.5万/月,3
974,linux驱动开发工程师,美格智能西安研究所,1-2万/月,3
980,算法工程师（计算机视觉）,新拓三维技术（深圳）有限公司,0.8-1.5万/月,3
998,Linux音视频后台开发工程师,郑州信大捷安信息技术股份有限公司,0.8-1.5万/月,3
1001,Linux驱动开发工程师,郑州信大捷安信息技术股份有限公司,0.8-1.5万/月,3
1025,软件测试工程师,西安图道信息科技有限公司,4-8千/月,3
1027,服务器工程师,深圳市众乐网视文化传播有限公司,2-2.5万/月,3
1041,算法工程师,西安深思信息科技有限公司,0.8-1.5万/月,3
1052,应用软件开发工程师,西安特锐德智能充电科技有限公司,0.7-1.2万/月,3
1058,音视频开发工程师,西安融科通信技术有限公司,0.8-1.5万/月,3
1069,中级软件工程师(职位编号：FC-S-M.A),江苏锐天信息科技有限公司西安分公司,0.8-1.2万/月,3
1097,软件工程师(职位编号：OF0806-4),西安比尔电子科技有限公司,6-8千/月,3
1114,嵌入式Linux驱动/应用讲师（双休无加班）,北京华清远见科技发展有限公司西安分公司,1-1.5万/月,3
1117,嵌入式软件工程师-西安,深圳市儒科电子有限公司,0.6-1.2万/月,3
1122,DSP工程师,西安华瑞恒泰信息技术有限公司,0.5-1.5万/月,3
1131,软件开发工程师(职位编号：201802),西安泛华科技开发有限公司,4.5-7.5千/月,3
1138,图形开发工程师,西安增材制造国家研究院有限公司,0.7-1.4万/月,3
1139,核物理工程师,西安增材制造国家研究院有限公司,0.8-1万/月,3
1140,电气控制工程师,西安增材制造国家研究院有限公司,6-8千/月,3
1141,软件开发工程师,西安增材制造国家研究院有限公司,0.6-1.2万/月,3
1142,CAE研发工程师（高/低频电磁场）,英特工程仿真技术（大连）有限公司,0.8-1.5万/月,3
1157,数据库工程师,中软国际科技服务有限公司,1-1.5万/月,3
1165,WIFI开发工程师,比亚迪精密制造有限公司,0.8-1.6万/月,3
1166,QNX系统工程师,比亚迪精密制造有限公司,0.8-1.6万/月,3
1167,嵌入式软件工程师,比亚迪精密制造有限公司,0.8-1.6万/月,3
1168,算法工程师,比亚迪精密制造有限公司,0.9-1.8万/月,3
1169,Android系统开发工程师,比亚迪精密制造有限公司,0.8-1.6万/月,3
1174,高级C/C++ （分布式数据库开发）,北京优炫软件股份有限公司,10-18万/月,3
1176,飞行控制算法实习生,西安帝和电子科技有限公司,2.5-4千/月,3
8,C++软件工程师,西安天隆科技有限公司,0.7-1.6万/月,2
9,C++开发工程师,陕西九鼎通信技术有限公司,0.6-1.2万/月,2
13,软件工程师(Windows平台、C#/C++方向) 西安,深圳市中电电力技术股份有限公司,0.8-1.6万/月,2
21,C/C++软件开发工程师(智能交通)(职位编号：uniview001211),浙江宇视科技有限公司,0.6-1.2万/月,2
23,Windows平台C/C++工程师,北京明朝万达科技股份有限公司,1-2万/月,2
24,软件开发工程师（C++）,陕西浦思金融网络科技有限公司,0.8-1万/月,2
35,C++开发工程师,西安安森智能仪器股份有限公司,1-1.5万/月,2
37,QT、C++开发工程师,西安帝和电子科技有限公司,0.8-1万/月,2
39,c++、c#软件工程师,西安凯虹电子科技有限公司,1-1.5万/月,2
52,C++软件开发工程师,上海极测信息科技有限公司,5-6.5千/月,2
53,Linux C/C++ 高级研发工程师,上海思华科技股份有限公司,0.8-1.5万/月,2
55,linux C++高级开发工程师,广州优孚欧智能科技有限公司,0.6-1.2万/月,2
56,C++高级开发工程师,西安华创人力资源管理咨询有限公司,2-4万/月,2
58,C++软件开发工程师,西安恒谦教育科技股份有限公司,4.5-6千/月,2
63,C++开发工程师,北京神舟航天软件技术有限公司,4-6千/月,2
72,C/C++开发工程师,陕西兴源御天气象科技股份有限公司,8-9千/月,2
80,C++高级开发工程师,陕西慧铁科技有限公司,1-1.5万/月,2
87,C++高级开发工程师,上海天跃科技股份有限公司,1.5-2万/月,2
89,C++工程师 (工业智能机器）,陕西恒通智能机器有限公司,0.6-1.2万/月,2
97,C++中高级开发工程师职位,陕西唐德实业有限公司,1-1.5万/月,2
101,C++/C#软件开发工程师,北京优诺信创科技有限公司,0.6-1万/月,2
109,C++开发工程师,新智认知数据服务有限公司,1-2万/月,2
113,C++高级软件工程师,江苏锐天信息科技有限公司西安分公司,1.2-1.6万/月,2
115,C++软件开发工程师,西安知象光电科技有限公司,15-30万/年,2
126,C++/C#软件工程师,西安知微传感技术有限公司,0.8-1.5万/月,2
136,应用软件开发工程师（C++方向）,北京华如科技股份有限公司,0.8-1万/月,2
139,初级C++研发工程师,西安四维图新信息技术有限公司,6-8千/月,2
141,硬件工程师,西安慧伦普斯信息科技有限公司,0.8-1.8万/月,2
144,软件测试工程师,陕西迪博佰通教育科技有限公司,4.5-6千/月,2
155,C语言开发工程师,思安新能源股份有限公司,1.5-3万/月,2
156,嵌入式软件工程师,陕西齐力测控科技有限公司,7-8千/月,2
162,大数据开发工程师,北京空间畅想信息技术有限责任公司,1-1.5万/月,2
163,视频云技术支持（西安）,上海安畅网络科技股份有限公司,0.8-1万/月,2
164,嵌入式硬件开发工程师,陕西远洋科技实业有限责任公司,6-8千/月,2
166,嵌入式研发工程师,西安交通大学空间视觉联合实验室,6-8千/月,2
167,unity 3D（主程序）,西安三好软件技术股份有限公司,0.6-1万/月,2
171,C#开发工程师,西安灵秀机电智能系统技术有限公司,6-8千/月,2
173,嵌入式软件工程师,珠海许继电气有限公司,0.9-1.5万/月,2
179,数字IC验证工程师,西安航天华迅科技有限公司,1-1.5万/月,2
189,C++/C#/Android/JAVA软件开发,西安开轩自动化有限责任公司,4.5-6千/月,2
194,算法工程师,广州亿程交通信息集团有限公司,0.8-1.6万/月,2
199,嵌入式软件工程师,西安敏文测控科技有限公司,4.5-6千/月,2
201,软件开发工程师 (仪表开发),西安博亚盛亿通讯技术有限公司,0.8-1万/月,2
206,云业务架构师,西安诺嘉信息科技有限公司,2.5-3万/月,2
207,软件工程师（组态开发）,西安市双合软件技术有限公司,0.7-1.5万/月,2
210,深度学习算法工程师,博微太赫兹信息科技有限公司,1-2万/月,2
231,嵌入式软件工程师,西安象德信息技术有限公司,0.8-1.5万/月,2
232,电子产品开发工程师,西安鸣士机电开发有限公司,0.8-1万/月,2
234,应用技术工程师,贝加莱工业自动化（中国）有限公司,0.8-1.2万/月,2
239,深度学习算法工程师,西安中科光电精密工程有限公司,15-20万/年,2
241,CATIA二次开发工程师,北京德天博诚科技有限公司,0.8-1.5万/月,2
244,算法优化工程师,西安羚控电子科技有限公司,0.6-1.2万/月,2
245,高级vc++软件工程师,苏州浩辰软件股份有限公司,7.9-9.9千/月,2
247,服务端主程,陕西星环网络科技有限公司,1.2-1.5万/月,2
252,Firmware Engineer,苏州联讯仪器有限公司,0.6-1万/月,2
253,Windows驱动软件工程师,西安知行软件有限公司,1.5-2万/月,2
255,研发工程师 ― 物理层,西安星河亮点信息技术有限公司,0.8-1.5万/月,2
257,ios中级开发工程师,西安时代科技有限公司,6-8千/月,2
261,DSP算法工程师,西安合谱声学科技有限公司,1.2-2万/月,2
263,C实施工程师,新利软件（集团）股份有限公司,3-4.5千/月,2
264,服务器端主程,塔普翊海(上海)智能科技有限公司,0.8-1.2万/月,2
268,资深开发工程师,北京华软金科信息技术有限公司,1.8-3.5万/月,2
272,软件性能测试工程师,伯图大数据管理有限公司西安分公司,0.6-1.2万/月,2
275,嵌入式软件工程师,西安诚安嵌入式计算机技术有限公司,0.8-1万/月,2
276,电气工程师,广州市技美机床有限公司,4-8千/月,2
278,售前技术工程师,北京神州四达科技有限公司,6-8千/月,2
279,软件工程师,西安大恒电子科技有限公司,5-9千/月,2
281,Android开发工程师,锐特信息技术有限公司,0.8-1.6万/月,2
282,技术支持工程师,北京倍胜智能科技有限公司,4-8千/月,2
283,Web前端工程师,陕西维纳传媒股份有限公司,0.6-1万/月,2
285,高级算法工程师,西安力邦医疗电子有限公司,0.8-1万/月,2
291,vb上位机软件开发员,西安食神电器科技有限公司,5-8千/月,2
296,Linux软件开发工程师,上海智格网通信科技有限公司,5-8千/月,2
300,后台开发工程师,西安恒坐标教育科技集团有限公司,1.5-2万/月,2
303,开发工程师（虚拟装配系统）,通力凯顿（北京）系统集成有限公司,1-2.5万/月,2
304,Windows应用程序开发(软件研发工程师),西安瑞友信息技术资讯有限公司,0.9-1.5万/月,2
306,嵌入式软件工程师,西安铭硕电子科技有限公司,6-8千/月,2
307,移动开发工程师(IOS),西安捷众软件科技有限公司,0.8-1万/月,2
315,电气工程师(职位编号：hz0009),西安智熔金属打印系统有限公司,5-8千/月,2
320,聘嵌入式讲师(双休+无加班）,北京华清远见科技发展有限公司西安分公司,0.8-1万/月,2
325,嵌入式软件工程师---应届生,西安因联信息科技有限公司,4-7千/月,2
326,嵌入式软件研发工程师,陕西中泓正实业有限公司,0.6-1万/月,2
341,嵌入式软件工程师,西安星展测控科技股份有限公司,8-10万/年,2
343,初级存储研发工程师,次元境界科技（北京）有限公司,10-15万/年,2
348,平台开发工程师,深圳华强信息产业有限公司,1-1.5万/月,2
349,软件工程师,陕西华通机电制造有限公司,0.7-1.5万/月,2
352,嵌入式软件工程师,北京航宇创通技术有限公司西安分公司,1-1.5万/月,2
354,算法工程师,宁波傲视智绘光电科技有限公司,1.8-3万/月,2
355,软件开发项目经理,河南邦智实业有限公司,1-1.5万/月,2
358,软件工程师,西安胜唐鼓风机有限公司,3-4.5千/月,2
360,嵌入式软件工程师,西安远眺卫星通信有限公司,0.6-1.2万/月,2
369,软件工程师（应往届毕业生可投）,西安力德测量设备有限公司,4-8千/月,2
372,（西宁）实习生,青海宝讯溯源网络科技有限公司西安分公司,2-4千/月,2
378,嵌入式硬件开发工程师,西安海联石化科技有限公司,5-8千/月,2
381,嵌入式软件工程师(职位编号：04),西安航天自动化股份有限公司,5-7千/月,2
383,软件工程师（中凌锐通）,上海普适导航科技股份有限公司,0.9-1.5万/月,2
385,嵌入式软件工程师,西安莱科思电子工程有限责任公司,0.9-1.8万/月,2
388,软件工程师,西安威尔格德能源技术有限公司,4-8千/月,2
396,软件工程师,西安夏溪电子科技有限公司,1-1.5万/月,2
402,嵌入式软件工程师,南京天之博特机器人科技有限公司,6-8千/月,2
406,伺服控制工程师(职位编号：1),西安佐威光电科技有限公司,0.8-1.5万/月,2
410,软件开发工程师,北京四方继保自动化股份有限公司,0.9-1.2万/月,2
411,硬件研发工程师,西安西电自动化控制系统有限责任公司,4-9千/月,2
418,软件工程师,北京华脉世纪石油科技有限公司,0.7-1万/月,2
420,机载飞控导航设计岗,西安爱生技术集团公司,0.8-1.5万/月,2
429,Android开发工程师（西安研发分中心）,北京竞业达数码科技股份有限公司,0.6-1.2万/月,2
430,嵌入式软件工程师,天天充电,1-1.5万/月,2
435,Android应用开发工程师(000655)(职位编号：ThunderSoft000655),中科创达软件股份有限公司,1-1.5万/月,2
437,3D点云算法开发工程师,西安中科创星科技孵化器有限公司,2-3.5万/月,2
438,高级嵌入式软件研发工程师,北京盛博协同科技有限责任公司,1-1.5万/月,2
439,系统架构师,广州中爆数字信息科技股份有限公司,1-1.5万/月,2
440,虚拟仿真模型师,西安创美数码科技有限公司,3-6千/月,2
443,高级软件开发工程师,北京阿尔泰科技发展有限公司,1.5-2万/月,2
450,软件工程师,陕西爱瑞才人力资源管理有限公司,1.5-2万/月,2
453,Linux开发工程师,深圳市儒科电子有限公司,0.8-1万/月,2
454,雷达信号处理设计师,山东雷诚电子科技有限公司西安研发中心,0.8-1.2万/月,2
456,可靠性工程师,矽力杰半导体技术（杭州）有限公司,9-15万/年,2
461,嵌入式软件工程师,陕西高速星展科技有限公司,6-8千/月,2
463,iOS开发工程师,西安博文同创信息技术有限公司,0.8-1万/月,2
467,Framework工程师,上海三旗通信科技有限公司,0.8-1.5万/月,2
468,嵌入式工程师（代招）,泉州市宇朔工业设计有限公司,0.7-1.2万/月,2
470,研发项目经理(职位编号：201803),西安泛华科技开发有限公司,0.9-1.4万/月,2
471,嵌入式linux软件开发工程师,西安迅微信息科技有限公司,0.8-1万/月,2
474,并行计算研发工程师,英特工程仿真技术（大连）有限公司,0.8-1.5万/月,2
475,软件工程师,西安天箭防务科技有限公司,0.8-1万/月,2
479,嵌入式软件工程师(职位编号：002),湖北迈可威通信技术有限公司,0.6-1.1万/月,2
481,软件开发工程师,北京轩宇信息技术有限公司,1-1.6万/月,2
482,自动控制工程师,西安标准精密机械有限公司,4-6千/月,2
485,android软件开发,西安道恩网络科技有限公司,3-4.5千/月,2
486,移动开发工程师(IOS),陕西巨子生物技术有限公司,0.6-1.2万/月,2
491,图像识别工程师,西安盈通思科软件科技有限公司,1.5-2万/月,2
496,嵌入式软件工程师(职位编号：002),昆明荣成天宇控制系统工程有限公司陕西分公司,1-2万/月,2
497,手机软件开发工程师,西安银石科技发展有限责任公司,4.5-6千/月,2
499,.NET开发工程师,西安优盾电子技术应用有限公司,0.5-1.5万/月,2
501,Linux软件工程师（西安物联网）,TCL通力电子,1.2-1.6万/月,2
502,高薪聘请嵌入式讲师,西安粤嵌信息科技有限公司,0.6-1.5万/月,2
506,C/C++高级开发工程师,北京北信源软件股份有限公司,0.8-1万/月,2
507,高级游戏开发工程师C++/Senior Software Engineer C++,维塔士电脑软件（西安）有限公司,0.8-1.2万/月,2
508,Senior C++ programmer/高级C++开发工程师,维塔士电脑软件（西安）有限公司,1-1.5万/月,2
517,高级C++研发工程师（西安）,北京明朝万达科技股份有限公司,1-1.5万/月,2
544,高级C++/软件开发工程师,陕西恒通智能机器有限公司,1-2万/月,2
547,C++软件开发工程师,陕西唐德实业有限公司,10-15万/年,2
549,C++中级开发工程师,深圳市德卡科技股份有限公司,5-7千/月,2
551,Windows C/C++安全开发工程师,郑州信大捷安信息技术股份有限公司,1.2-2万/月,2
558,C++开发工程师,北京超图软件股份有限公司,0.8-1万/月,2
567,Linux C开发工程师,北京北信源软件股份有限公司,6-8千/月,2
568,Linux C中级开发工程师,北京北信源软件股份有限公司,0.8-1万/月,2
569,Linux C高级开发工程师,北京北信源软件股份有限公司,1-1.5万/月,2
570,初级Java开发工程师/Java实习生,陕西迪博佰通教育科技有限公司,4.5-6千/月,2
575,ITEI-嵌入式软件工程师（西安）(职位编号：001061),维谛技术有限公司,0.7-1.4万/月,2
589,图像处理软件工程师,西安交通大学空间视觉联合实验室,3-6千/月,2
596,CATIA二次开发/CAA开发,上海安托信息技术有限公司,0.8-1.5万/月,2
603,Java硬件工程师,西安海润通信技术有限公司,0.6-1.2万/月,2
608,高级嵌入式软件工程师,西安航天华迅科技有限公司,0.7-1.2万/月,2
609,高级软件工程师,西安航天华迅科技有限公司,0.6-1万/月,2
611,Sr. Java (Cloud Service),西安泰为软件有限公司,1-1.5万/月,2
621,密码算法开发工程师,西安西电捷通无线网络通信股份有限公司,0.6-1.2万/月,2
630,IM项目服务端开发工程师,深圳市众乐网视文化传播有限公司,2-2.5万/月,2
645,视频编解码工程师(算法类)(职位编号：uniview000901),浙江宇视科技有限公司,7-9千/月,2
647,软件工程师,西安开轩自动化有限责任公司,4-6千/月,2
663,iOS开发工程师,上海京颐科技股份有限公司,1-1.5万/月,2
667,算法工程师-航电方向（校招专用）,西安希德雷达科技有限公司,0.8-1万/月,2
695,深度学习工程师,中国科学院自动化研究所（洛阳）机器人与智能装备创新研究院,0.7-1.5万/月,2
697,软件工程师（通讯开发）,西安市双合软件技术有限公司,0.6-1.2万/月,2
709,Python开发工程师,西安安森智能仪器股份有限公司,1-1.5万/月,2
711,嵌入式软件工程师（双休/五险一金/班车）,西安安森智能仪器股份有限公司,0.9-1.8万/月,2
719,高级嵌入式软件工程师,西安帝和电子科技有限公司,1-1.5万/月,2
761,Software engineer,苏州联讯仪器有限公司,0.6-1万/月,2
777,测试工程师-XA-XT-003,深圳奥比中光科技有限公司,5-8千/月,2
779,FPGA算法工程师-XA,深圳奥比中光科技有限公司,1-2万/月,2
788,算法工程师（计算机视觉）-XA,深圳奥比中光科技有限公司,1-2万/月,2
790,算法工程师-XA-XT-008,深圳奥比中光科技有限公司,1-2万/月,2
793,软件工程师（SDK）-XA,深圳奥比中光科技有限公司,1-2万/月,2
795,RD-算法移植优化工程师,TCL集团工业研究院,0.8-1万/月,2
798,物理层研发工程师,西安星河亮点信息技术有限公司,0.8-1.5万/月,2
801,嵌入式软件工程师,西安合谱声学科技有限公司,1-1.5万/月,2
802,UE4开发工程师,塔普翊海(上海)智能科技有限公司,1.2-1.8万/月,2
811,iOS 开发工程师,西安思科特软件有限公司,0.6-1.2万/月,2
822,数字建模工程师,西安翔迅科技有限责任公司,0.6-1.5万/月,2
837,软件开发工程师,西安华创人力资源管理咨询有限公司,2-4万/月,2
839,三维重建算法工程师,西安华创人力资源管理咨询有限公司,1-3万/月,2
850,系统运维工程师,西安兴汇电力科技有限公司,6-8千/月,2
923,golang高级开发工程师,小马股份有限公司西安分公司,1-5万/月,2
930,自动化控制软件工程师(职位编号：3),陕西中良智能科技有限公司,0.6-1.5万/月,2
933,VR 相关算法工程师 高级软件工程师,西安灵境科技有限公司,8-20万/年,2
935,TM-空调仿真工程师(CFD)(职位编号：001029),维谛技术有限公司,0.6-1.2万/月,2
941,嵌入式开发工程师,汇纳科技股份有限公司,0.7-1万/月,2
942,区块链开发工程师,西安华信智慧数字科技有限公司,1-2万/月,2
944,逆向研发工程师,厦门市美亚柏科信息股份有限公司,1-1.5万/月,2
951,嵌入式开发软件工程师,上海宽翼通信科技股份有限公司,1-2万/月,2
954,卫星定位算法软件高级工程师,深圳开阳电子股份有限公司,1-2万/月,2
955,数值算法工程师,西安午阳信息科技有限责任公司,1-1.5万/月,2
957,计算流体力学工程师（2人）,西安午阳信息科技有限责任公司,1-1.5万/月,2
963,生产测试开发工程师（西安）,华勤通讯技术有限公司,0.8-1.2万/月,2
966,视频/图像算法工程师（天益太赫兹）,西安天和防务技术股份有限公司,1-1.5万/月,2
978,图像处理（实习生）,新拓三维技术（深圳）有限公司,3-4.5千/月,2
979,机器视觉（实习生）,新拓三维技术（深圳）有限公司,3-4.5千/月,2
981,初级软件工程师,新拓三维技术（深圳）有限公司,4-8千/月,2
982,高级软件工程师,新拓三维技术（深圳）有限公司,1-1.5万/月,2
993,嵌入式软件工程师,西安征途网络科技有限公司,0.8-1.5万/月,2
997,Android ROM系统开发工程师,郑州信大捷安信息技术股份有限公司,0.8-1.5万/月,2
999,Web RTC开发工程师,郑州信大捷安信息技术股份有限公司,0.8-1.5万/月,2
1000,PC端音视频开发工程师,郑州信大捷安信息技术股份有限公司,0.8-1.5万/月,2
1005,系统架构师,河南邦智实业有限公司,2-2.5万/月,2
1006,软件开发工程师,西安胜唐鼓风机有限公司,4.5-6千/月,2
1009,软件工程师,陕西恒通智能机器有限公司,0.8-1.6万/月,2
1011,软件项目经理,上海链家,0.8-1.8万/月,2
1016,图像算法工程师,西安知象光电科技有限公司,1.5-3万/月,2
1026,Android开发工程师,中软国际科技服务有限公司,1-1.5万/月,2
1031,开发工程师（PLM系统）,通力凯顿（北京）系统集成有限公司,1-1.5万/月,2
1035,.NET开发工程师,西安诺曼电子科技有限公司,0.8-1.2万/月,2
1036,嵌入式软件工程师（中凌锐通）,上海普适导航科技股份有限公司,0.8-1.2万/月,2
1039,游戏服务器工程师,西安西品网络科技有限公司,0.8-1万/月,2
1040,高级iOS开发工程师,陕西运�Z网络科技有限公司,1-1.5万/月,2
1043,卫星导航PVT开发工程师,西安航天华迅科技有限公司,0.7-1.2万/月,2
1044,单片机系统软件工程师,西安莱科思电子工程有限责任公司,1-2万/月,2
1046,QT开发工程师,深圳市德卡科技股份有限公司,3.5-6.5千/月,2
1048,Android驱动中级开发工程师,深圳市德卡科技股份有限公司,0.7-1.3万/月,2
1050,项目经理,深圳市德卡科技股份有限公司,4-8千/月,2
1051,技术支持工程师,深圳市德卡科技股份有限公司,4.5-6千/月,2
1057,DSP工程师,一诺仪器（中国）有限公司,1-1.5万/月,2
1060,核心网软件工程师,大唐奇安网络科技有限公司,1.5-2.5万/月,2
1061,软件工程师,西安象德信息技术有限公司,4-8千/月,2
1064,中高级C#开发,西安海平方网络科技有限公司,1-1.5万/月,2
1072,中级系统工程师,江苏锐天信息科技有限公司西安分公司,0.8-1.1万/月,2
1073,高级系统工程师,江苏锐天信息科技有限公司西安分公司,1.2-2万/月,2
1079,3D点云算法开发工程师,西安知象光电科技有限公司,2-3万/月,2
1080,三维图形学软件工程师,西安知象光电科技有限公司,20-30万/年,2
1081,无人机飞控算法工程师,西安极光航空航天科技有限公司,1-1.5万/月,2
1089,iOS开发工程师,上海趣医网络技术服务有限公司,1-1.5万/月,2
1094,Android Framework 工程师,陕西瑞迅电子信息技术有限公司,0.8-2万/月,2
1096,PLM开发工程师,通力凯顿（北京）系统集成有限公司,1-1.5万/月,2
1098,系统安全员,深圳市众乐网视文化传播有限公司,1.5-2万/月,2
1099,Linux系统工程师,深圳市众乐网视文化传播有限公司,2-2.5万/月,2
1100,labview软件工程师,西安龙德科技发展有限公司,4.5-6千/月,2
1103,STM32软件工程师,天天充电,1-1.5万/月,2
1104,图像算法工程师,上海艾飞能源科技有限公司,0.8-1.5万/月,2
1111,3D图形/图像算法工程师,西安中科创星科技孵化器有限公司,2.5-3.5万/月,2
1112,图像算法工程师,西安中科创星科技孵化器有限公司,1.5-3万/月,2
1123,ATE工程师,上海三旗通信科技有限公司,6-9千/月,2
1126,高级嵌入式软件工程师,西安蜂语信息科技有限公司,0.8-1.4万/月,2
1130,QT开发工程师(职位编号：201801),西安泛华科技开发有限公司,4.5-8千/月,2
1132,软件设计工程师(职位编号：201702),西安泛华科技开发有限公司,0.7-1万/月,2
1133,软件工程师,西安精英光电技术有限公司,6-8千/月,2
1149,协议软件工程师,上海麦腾物联网技术有限公司,0.8-1.2万/月,2
1152,装备开发工程师,北京讯通安添通讯科技有限公司西安分公司,1.5-2万/月,2
1161,APP开发工程师,西安银石科技发展有限责任公司,4-8千/月,2
1173,C++高级开发工程师,上海望友信息科技有限公司,4-8千/月,2
1179,软件工程师（实习）,西安诺曼电子科技有限公司,1.5-2千/月,2
3,Windows C/C++开发工程师,北京北信源软件股份有限公司,0.8-1万/月,1
7,C# / C++软件开发工程师,泰安磐然测控科技有限公司,5-8千/月,1
12,C/C++开发工程师,西安华讯科技有限责任公司,1-1.5万/月,1
29,C++开发工程师,中国科学院自动化研究所（洛阳）机器人与智能装备创新研究院,5-7千/月,1
30,C++开发工程师,杭州世平信息科技有限公司,0.7-1.4万/月,1
34,c++中高级软件工程师,北京同方艾威康科技有限公司,0.8-1万/月,1
40,C++开发工程师,杭州楷知科技有限公司西安分公司,0.8-1.2万/月,1
48,软件工程师/C++软件工程师,上海望友信息科技有限公司,0.4-1万/月,1
49,C++开发工程师,西安比邻卓越人力资源服务有限公司,0.8-1.5万/月,1
50,C++高级开发工程师,山西科泰航天防务技术股份有限公司,1-1.5万/月,1
60,C/C++开发（中/高级、五险一金、双休）,西安融联网络科技有限公司,6-9千/月,1
62,C++高级开发工程师,西安优音通信有限公司,1-1.5万/月,1
71,C++开发工程师,汇纳科技股份有限公司,0.6-1万/月,1
74,c++（数据恢复）,厦门市美亚柏科信息股份有限公司,0.8-1.5万/月,1
75,C++高级开发工程师,陕西淘丁实业集团有限公司,0.8-1.2万/月,1
76,C/C++开发人员（西安）,中电长城网际系统应用有限公司,0.8-1万/月,1
77,.C/C++开发工程师,西安午阳信息科技有限责任公司,1-1.5万/月,1
85,C++高级开发工程师,中兴网鲲信息科技（上海）有限公司,0.8-1.5万/月,1
93,C/C++视频应用开发(职位编号：sugon000348),曙光信息产业股份有限公司,1.5-2万/月,1
96,C++架构师,西安博特网络科技有限公司,1.5-2万/月,1
98,C++软件工程师,西安世达通电子信息技术有限公司,10-15万/年,1
100,C++高级开发工程师,深圳市德卡科技股份有限公司,1-1.5万/月,1
102,C++开发工程师,成都希盟泰克科技发展有限公司,0.5-1万/月,1
107,C++开发工程师,上海精宸科技股份有限公司,0.6-1万/月,1
108,c++开发人员,陕西昱辉信息技术有限公司,6-8千/月,1
120,C++开发工程师,北京十安赛恩科技有限公司,0.8-1.5万/月,1
121,软件工程师（C++/QT方向）(J10105),西安诺瓦电子科技有限公司,1-1.5万/月,1
127,C++/C#中级开发工程师,北京兰光创新科技有限公司,1-1.5万/月,1
128,C++、C#开发工程师,苏州思源科安信息技术有限公司,1-1.5万/月,1
135,C/C++高级开发工程师,西安币航信息技术有限公司,1-2万/月,1
151,嵌入式软件工程师,西安希德雷达科技有限公司,0.8-1.3万/月,1
160,项目经理（软件实施）,北京捷通华声科技股份有限公司西安分公司,1-2万/月,1
161,AI算法工程师,西安盛道企业咨询有限公司,2-2.5万/月,1
169,高级软件工程师（协议层）-西安,上海博瀛通信科技有限公司,0.8-1万/月,1
170,HPC管理软件研发专家,华为技术有限公司,1.5千以下/月,1
178,测试工程师,西安立芯光电科技有限公司,6-9千/月,1
181,电力电子研发工程师,陕西金源自动化科技有限公司,0.5-1.2万/月,1
185,软件工程师,上海澳华光电内窥镜有限公司,0.8-1.2万/月,1
191,iOS开发工程师,西安多普多信息科技有限公司,0.6-1万/月,1
195,技术总监（智能算法）,北京中航讯科技股份有限公司,3-5万/月,1
202,飞行器软件工程师,陕西微盟信息技术有限公司,1.5-3万/月,1
205,C#软件开发工程师,深圳市理邦精密仪器股份有限公司,0.7-1万/月,1
211,生物信息工程师（双休+五险一金）,西安二十一世纪生物科技有限公司,0.8-1万/月,1
215,android应用软件工程师,西安富立叶微电子有限责任公司,1-1.5万/月,1
216,V2X系统工程师,深圳市中兴物联科技有限公司,30-50万/年,1
217,研发工程师,西安南斗电子科技有限公司,0.5-1万/月,1
219,Window应用开发高级程序员,陕西银河景天电子有限责任公司,1.5-2万/月,1
222,Full Stack Software Engineer,艾默生科技资源（西安）有限公司,0.8-1万/月,1
226,ATE开发工程师,上海宽翼通信科技股份有限公司,1-2万/月,1
230,驱动工程师,深圳市广和通无线股份有限公司,1.5-2万/月,1
233,嵌入式软件工程师,新港海岸（北京）科技有限公司,0.8-2万/月,1
237,大数据交付专家,三门峡崤云信息服务股份有限公司,0.8-1.5万/月,1
246,vc++软件工程师,苏州浩辰软件股份有限公司西安分公司,6-8千/月,1
250,嵌入式软件工程师,西安天天向上网络智能科技有限公司,0.8-1万/月,1
256,Linux开发工程师,西安希德电子信息技术股份有限公司,1-1.5万/月,1
258,软件工程师,陕西赛普瑞电气有限公司,0.8-1万/月,1
259,软件测试工程师（西安）,北京和利时系统工程有限公司,0.7-1.2万/月,1
262,POS机应用开发工程师,同方锐安科技有限公司,0.7-1万/月,1
267,Backend/Cloud Tech Lead,西安思科特软件有限公司,2-2.5万/月,1
269,FAE工程师,矽创科技（深圳）有限公司,1-1.5万/月,1
270,中低级嵌入式工程师,西安维塑智能科技有限公司,5-8千/月,1
274,PTE 生产测试工程师,美国芯源系统有限公司,0.6-1万/月,1
277,生产测试工具开发工程师,上海禾苗通信技术有限公司,1-1.5万/月,1
284,售前技术支持工程师,北京赛四达科技股份有限公司,6-8千/月,1
289,软件项目经理,西安大医集团有限公司,1-2万/月,1
290,算法工程师,西安华线石油科技有限公司,4-8千/月,1
293,大数据算法工程师,深圳市易流科技股份有限公司,1.5-2.5万/月,1
295,软件工程师（机器视觉）,西安杰邦科技股份有限公司,0.6-1.5万/月,1
297,软件工程师,宁波和利时智能科技有限公司,1-1.5万/月,1
301,中级测试工程师,北京继教网教育科技发展有限公司,0.7-1.2万/月,1
312,图像处理软件工程师(职位编号：2),陕西中良智能科技有限公司,0.6-1.5万/月,1
319,Android逆向工程师,陕西佳之易网络科技有限公司,0.7-1.5万/月,1
321,上位机软件工程师（西安）,北京理工雷科电子信息技术有限公司,1-1.5万/月,1
322,软件副主任工程师（西安/隆基新能源）,西安隆基新能源有限公司,1-1.5万/月,1
323,现场技术支持工程师,研华（中国）有限公司,6-8千/月,1
324,图像算法工程师,精微视达医疗科技（武汉）有限公司,10-25万/年,1
328,iOS开发工程师,西安酷聊智能科技有限公司,6-9千/月,1
333,导航与控制算法工程师（海洋）,西安天和防务技术股份有限公司,6-8千/月,1
335,研发工程师（c开发）,迪思杰（北京）数据管理技术有限公司,8-10万/年,1
344,软件开发工程师（Windows）,西安西隆电气有限责任公司,0.6-1.2万/月,1
359,前端与移动开发   讲师(J11079),传智播客教育集团西安分校,1.5-1.7万/月,1
361,嵌入式软件工程师,西安杰迪能源科技有限公司,4-8千/月,1
366,研究院负责人,陕西英铂投资管理有限公司,3-4万/月,1
368,嵌入式软件工程师,中航创世机器人（西安）有限公司,0.8-1.5万/月,1
380,Mac平台软件工程师,北京小鱼易连科技有限公司,1-2万/月,1
384,服务器工程师,西安西品网络科技有限公司,0.8-1万/月,1
387,高级算法工程师-图像识别,北京未尔锐创科技有限公司,2-2.5万/月,1
389,软件开发工程师（安全方向）,Thoughtworks,25-35万/年,1
393,软件工程师2,西安中科微精光子制造科技有限公司,0.8-1万/月,1
397,数字信号处理算法研究,国家无线电频谱管理研究所,6-8千/月,1
398,高层协议工程师,大唐奇安网络科技有限公司,1.5-2.5万/月,1
401,大数据算法工程师,西安易流物联科技有限公司,1-2万/月,1
403,Unity3d开发工程师,西安锦威电子科技有限公司,0.5-1万/月,1
405,人工智能工程师,天图软件科技有限公司,1-2万/月,1
413,嵌入式软件工程师,西安极光航空航天科技有限公司,1-1.5万/月,1
415,软件（算法）工程师,西安微远迪泰微系统技术有限公司,1-2万/月,1
417,00037-测试工程师（政企事业中心）,上海趣医网络技术服务有限公司,0.8-1万/月,1
419,计算机视觉算法工程师,上海鼎鬲智能科技有限公司西安分公司,0.7-1.5万/月,1
421,实施工程师-西安-00316,北京数字认证股份有限公司,5-8千/月,1
423,机器学习算法工程师,陕西瑞迅电子信息技术有限公司,1-2万/月,1
425,大数据高级开发工程师,思普瑞设计咨询有限公司,1.2-1.5万/月,1
426,DSP+FPGA 软件工程师,西安东风机电股份有限公司,0.6-1.2万/月,1
433,iOS开发工程师,西安触手网络科技有限公司,0.6-1万/月,1
436,教师（计算机方向）,西安欧亚学院,7-12万/年,1
442,IC验证工程师,顺卓微电子（西安）有限公司,1-1.5万/月,1
444,产品研发主管-西安-00741,卫宁健康科技集团股份有限公司,1.5-1.9万/月,1
445,测试工程师,上海岛昌医学科技股份有限公司,5-8千/月,1
446,技术红外工程师,上海索辰信息科技有限公司,1-2万/月,1
449,软件开发主管,华羿微电子股份有限公司,0.8-1万/月,1
451,嵌入式软件工程师,宁波盈芯信息科技有限公司,1-2万/月,1
464,Android开发工程师,上海米赋网络科技有限公司,0.9-1.6万/月,1
466,软件工程师,西安空天能源动力智能制造研究院有限公司,0.5-1.5万/月,1
469,后端开发工程师,西安蜂语信息科技有限公司,1-1.5万/月,1
472,高级软件工程师/固件工程师,西安精英光电技术有限公司,10-15万/年,1
473,硬件工程师,西安星院互动文化科技有限公司,0.8-1万/月,1
483,研发总监,西安启望计算机系统工程有限责任公司,1-1.5万/月,1
487,软件工程师,陕西大中科技发展有限公司,6-8千/月,1
488,应用软件工程师,西安合众思壮导航技术有限公司,0.8-1万/月,1
489,嵌入式软件工程师,北京合众思壮科技股份有限公司,0.8-1万/月,1
490,物流IT应用工程师,联合汽车电子有限公司西安厂,10-15万/年,1
493,iOS开发工程师,西安驭思软件科技有限公司,6-8千/月,1
498,算法高级工程师,蜀海（北京）供应链管理有限责任公司,1-2万/月,1
539,c++（app解析）,厦门市美亚柏科信息股份有限公司,0.8-1.5万/月,1
548,高级C++软件工程师,西安世达通电子信息技术有限公司,10-15万/年,1
550,高级c++软件工程师,西安海平方网络科技有限公司,1-1.5万/月,1
573,Lead Software Engineer,维塔士电脑软件（西安）有限公司,1.5-2万/月,1
576,软件测试工程师,西安比邻卓越人力资源服务有限公司,0.8-1.5万/月,1
581,FPGA工程师,陕西齐力测控科技有限公司,4-8千/月,1
582,Android Telecom、RCS工程师,西安安谷运合软件技术有限公司,0.7-1.5万/月,1
586,项目实施工程师（西安）,北京捷通华声科技股份有限公司西安分公司,0.8-1.6万/月,1
587,研发项目经理,西安盛道企业咨询有限公司,2-2.5万/月,1
598,晶圆产品测试工程师,西安紫光国芯半导体有限公司,17-25万/年,1
600,软件工程师,西安奇维科技有限公司,0.8-1.2万/月,1
601,System Engineer,HCL Technologies (Shanghai) Limited,1-1.5万/月,1
604,IT系统工程师,西安华讯科技有限责任公司,0.8-1万/月,1
607,室内定位软件算法工程师,西安航天华迅科技有限公司,0.8-1.5万/月,1
612,自动化测试组长Automation Test Leader,西安泰为软件有限公司,1.5-2万/月,1
613,Sr. Software QA Engineer (Backend service),西安泰为软件有限公司,0.8-1.2万/月,1
614,自动化测试开发-Java,西安泰为软件有限公司,0.8-1.2万/月,1
624,软件设计工程师,西安智多晶微电子有限公司,0.7-1.5万/月,1
633,高级软件工程师,上海数果科技有限公司,1-1.5万/月,1
660,Android驱动开发工程师,北京中航讯科技股份有限公司,1-1.8万/月,1
661,Android系统开发工程师,北京中航讯科技股份有限公司,1-1.8万/月,1
662,高级算法工程师,北京中航讯科技股份有限公司,2-3万/月,1
664,00076-软件测试工程师,上海京颐科技股份有限公司,0.6-1万/月,1
666,系统仿真建模工程师,西安希德雷达科技有限公司,0.6-1.2万/月,1
669,算法工程师,西安希德雷达科技有限公司,0.6-1.2万/月,1
673,产品部项目管理,维视科技（西安）有限公司,0.6-1.2万/月,1
674,产品运维工程师,维视科技（西安）有限公司,0.6-1万/月,1
693,算法工程师（图像处理方向）,中国科学院自动化研究所（洛阳）机器人与智能装备创新研究院,0.6-1万/月,1
704,嵌入式软件开发工程师,深圳市中兴物联科技有限公司,1-1.5万/月,1
705,iOS开发工程师,西安交大捷普网络科技有限公司,6-8千/月,1
708,巡检机器人软件工程师（双休/五险一金/班车）,西安安森智能仪器股份有限公司,0.8-1.3万/月,1
712,Firmware Engineer,艾默生科技资源（西安）有限公司,0.8-1万/月,1
713,电气仿真工程师,艾默生科技资源（西安）有限公司,0.8-1万/月,1
720,嵌入式软件测试工程师,西安帝和电子科技有限公司,0.8-1万/月,1
721,Linux BSP工程师,杭州楷知科技有限公司西安分公司,1-1.5万/月,1
722,算法工程师（图像处理机器视觉）,杭州楷知科技有限公司西安分公司,1.2-2万/月,1
723,自动化测试工程师,杭州楷知科技有限公司西安分公司,0.8-1.2万/月,1
724,Mac平台软件工程师,杭州楷知科技有限公司西安分公司,0.8-1.2万/月,1
741,微服务架构师,三门峡崤云信息服务股份有限公司,1.5-2万/月,1
742,微服务架构师,三门峡崤云信息服务股份有限公司,1.5-2万/月,1
745,ceph开发工程师,东方网力科技股份有限公司,1-1.5万/月,1
747,图像算法工程师,西安羚控电子科技有限公司,6-8千/月,1
748,仿真系统工程师(职位编号：fangzhen),西安羚控电子科技有限公司,0.8-1.3万/月,1
749,仿真系统项目经理(职位编号：fangzhen),西安羚控电子科技有限公司,0.8-1.5万/月,1
750,Matlab建模工程师(职位编号：fangzhen),西安羚控电子科技有限公司,6-8千/月,1
752,UI开发工程师(职位编号：2),西安新空间计算机有限责任公司,0.8-1万/月,1
765,日本常驻BSE（车载软件开发）,上海亿凯信息技术有限公司,10-15万/年,1
776,高级软件工程师XA-XT-011,深圳奥比中光科技有限公司,0.8-1.5万/月,1
784,高级算法工程师（图像处理）-XA,深圳奥比中光科技有限公司,1-2万/月,1
789,算法工程师（图形学）-XA,深圳奥比中光科技有限公司,1-2万/月,1
799,上位机软件开发工程师,西安希德电子信息技术股份有限公司,7-9千/月,1
805,Blockchain Tech Lead,西安思科特软件有限公司,2-2.5万/月,1
806,Project Lead,西安思科特软件有限公司,1-2万/月,1
807,急聘Bigdata Machine learning engineer,西安思科特软件有限公司,1-2万/月,1
808,Data science engineer,西安思科特软件有限公司,1-5万/月,1
809,Senior Data Scientist / Machine Engineer,西安思科特软件有限公司,1-5万/月,1
810,急聘Big Data Lead Engineer,西安思科特软件有限公司,2.5-3万/月,1
812,研发经理,北京华软金科信息技术有限公司,2-4万/月,1
813,架构师（区块链）,北京华软金科信息技术有限公司,3-5万/月,1
816,应用工程师,上海望友信息科技有限公司,3-6千/月,1
817,舵控设计师,山西科泰航天防务技术股份有限公司,0.8-1.2万/月,1
821,高级嵌入式软件开发工程师,西安翔迅科技有限责任公司,1-1.5万/月,1
829,高级软件测试工程师,锐特信息技术有限公司,0.6-1万/月,1
830,流媒体高级软件工程师,上海思华科技股份有限公司,1-2万/月,1
846,Android开发工程师（ 好多车）,深圳市易流科技股份有限公司,7-9千/月,1
847,上位机软件工程师,上海君协光电科技发展有限公司,1-1.5万/月,1
848,无线通信系统工程师,上海君协光电科技发展有限公司,2-2.5万/月,1
899,算法工程师,小马股份有限公司西安分公司,0.7-3.5万/月,1
937,ACP―DSP算法工程师（西安）,维谛技术有限公司,0.6-1.2万/月,1
938,ACP-测试工程师(西安),维谛技术有限公司,4-8千/月,1
939,FEA仿真工程师（西安）(职位编号：vertiv000965),维谛技术有限公司,0.6-1.2万/月,1
945,NLP算法工程师,厦门市美亚柏科信息股份有限公司,0.8-1.5万/月,1
947,软件研发工程师 - 应用软件开发(职位编号：001),研华（中国）有限公司,0.8-1万/月,1
948,嵌入式研发初级工程师（实习生）,西安因联信息科技有限公司,3-6千/月,1
950,iOS高级开发工程师,西安酷聊智能科技有限公司,0.9-1.5万/月,1
953,GPS定位算法软件工程师,深圳开阳电子股份有限公司,1-2万/月,1
956,流体力学软件开发工程师,西安午阳信息科技有限责任公司,1-1.5万/月,1
958,水文水资源工程师(软件研发岗）,西安午阳信息科技有限责任公司,1-1.5万/月,1
964,软件工程师（海洋）,西安天和防务技术股份有限公司,1-1.5万/月,1
965,伺服控制工程师（海洋）,西安天和防务技术股份有限公司,0.8-1万/月,1
967,软件工程师（海洋）,西安天和防务技术股份有限公司,6-8千/月,1
969,软件工程师（负责人）天益公司,西安天和防务技术股份有限公司,0.8-1.3万/月,1
976,GPU优化工程师,新拓三维技术（深圳）有限公司,1-2万/月,1
977,高级算法工程师（机器学习）,新拓三维技术（深圳）有限公司,0.8-2万/月,1
985,视频分析产品经理,陕西慧铁科技有限公司,1-1.5万/月,1
986,iOS开发工程师,西安北科维拓科技有限公司,6-8千/月,1
987,AUV航控算法工程师(职位编号：002),西安蓝海潜龙智能科技有限公司,0.8-1万/月,1
988,Java高级软件工程师,格尔软件股份有限公司,1-1.5万/月,1
989,研发中心技术总监,格尔软件股份有限公司,1.8-2.5万/月,1
990,西安研发中心总经理（偏技术管理）,格尔软件股份有限公司,1.8-2.5万/月,1
996,安全测试,郑州信大捷安信息技术股份有限公司,0.8-1.5万/月,1
1004,Android高级开发工程师,中兴网鲲信息科技（上海）有限公司,0.8-1.5万/月,1
1007,硬件助理工程师,西安胜唐鼓风机有限公司,3-4.5千/月,1
1015,精密测量算法工程师,西安知象光电科技有限公司,20-30万/年,1
1024,项目经理,西安图道信息科技有限公司,0.7-1.4万/月,1
1030,嵌入式工程师(J10120),西安诺瓦电子科技有限公司,1-1.5万/月,1
1032,嵌入式软件开发工程师,西安海联石化科技有限公司,0.5-1万/月,1
1033,IOS开发工程师-西安,北京小鱼易连科技有限公司,1-2万/月,1
1038,服务器工程师,西安西品网络科技有限公司,0.8-1万/月,1
1047,Android驱动高级开发工程师,深圳市德卡科技股份有限公司,1.5-2万/月,1
1049,Android应用高级开发工程师,深圳市德卡科技股份有限公司,1.5-2万/月,1
1066,Server研发,西安海平方网络科技有限公司,1-1.5万/月,1
1068,系统架构师,航天星图科技（北京）有限公司,1.3-2万/月,1
1070,软件工程师,江苏锐天信息科技有限公司西安分公司,4.5-8千/月,1
1071,高级软件工程师(职位编号：FC-S-H.A),江苏锐天信息科技有限公司西安分公司,1.2-1.6万/月,1
1074,嵌入式软件工程师,西安杰迪能源科技有限公司,4-8千/月,1
1078,3D成像扫描算法工程师,西安知象光电科技有限公司,1.5-3万/月,1
1088,00048-IOS开发工程师,上海趣医网络技术服务有限公司,0.8-1.2万/月,1
1090,研发总监,一诺仪器（中国）有限公司,3-4万/月,1
1091,驱动工程师,一诺仪器（中国）有限公司,1.2-1.5万/月,1
1092,嵌入式讲师助教,北京华清远见科技发展有限公司西安分公司,4.5-6千/月,1
1093,高级软件开发工程师,陕西银河景天电子有限责任公司,1-3万/月,1
1095,Android APP开发工程师,陕西瑞迅电子信息技术有限公司,0.6-1.2万/月,1
1108,机器视觉开发工程师,西安知微传感技术有限公司,10-15万/年,1
1109,算法工程师,西安知微传感技术有限公司,15-20万/年,1
1110,嵌入式软件工程师,西安知微传感技术有限公司,1-1.5万/月,1
1113,Linux驱动开发工程师,苏州思源科安信息技术有限公司,0.7-1.4万/月,1
1115,Senior Verification Engineer/高级芯片验证工程师,顺卓微电子（西安）有限公司,24-36万/年,1
1116,数据挖掘工程师,陕西天行健车联网信息技术有限公司,0.8-1万/月,1
1120,OPENCL 算法工程师,宁波盈芯信息科技有限公司,0.8-2万/月,1
1121,算法工程师,西安海平方网络科技有限公司,1-1.5万/月,1
1129,软件技术总监,北京中科戎大科技股份有限公司,1.5-2.5万/月,1
1134,通信协议工程师,西安希德电子信息技术股份有限公司,0.8-1万/月,1
1137,Android开发工程师,西安币航信息技术有限公司,0.7-1.4万/月,1
1146,技术合伙人,西安海平方网络科技有限公司,2-2.5万/月,1
1150,系统测试工程师,西安中科创星科技孵化器有限公司,0.6-1万/月,1
1155,高级软件工程师,西安合众思壮导航技术有限公司,1-2万/月,1
1156,Android开发工程师,西安合众思壮导航技术有限公司,6.5-8.5千/月,1
1159,Unity3d开发工程师,西安币航信息技术有限公司,0.7-2万/月,1
1162,Android开发工程师,西安道恩网络科技有限公司,6-8千/月,1
1163,移动应用高级工程师,蜀海（北京）供应链管理有限责任公司,0.8-1.5万/月,1
1164,AI高级工程师,蜀海（北京）供应链管理有限责任公司,1-2万/月,1
1172,C++开发工程师（实习生）,北京同方艾威康科技有限公司,2-3千/月,1
16,Sr. C++  (Navigation,,,
