"id";"jobs";"firms";"salary";"nums"
1;"Java开发工程师";"西安英兆软件信息有限责任公司";"4.5-8千/月";"681"
2;"日语翻译-奢侈品店导购";"普森瑞科人力资源咨询（重庆）有限公司";"1-1.5万/月";"11"
3;"日语营业担当-手机通信商品販売";"普森瑞科人力资源咨询（重庆）有限公司";"1-1.5万/月";"9"
4;"日本大型免税店招募正社员";"重庆兴贤出国咨询服务有限公司";"1-1.5万/月";"5"
5;"日本奢侈品专卖店古琦、普拉达、LV翻译人员";"重庆兴贤出国咨询服务有限公司";"1.2-1.5万/月";"8"
6;"日本工签——温泉酒店前台接待年收15万左右）";"大连新翔教育咨询有限公司";"1-1.5万/月";"15"
7;"对日IOS软件工程师";"大连维思创新科技有限公司";"1.5-3万/月";"14"
8;"JINS眼镜导购/储备干部/加工/验光 （西安印象城）";"睛姿商贸（上海）有限公司";"2-4千/月";"13"
9;"JINS眼镜导购/储备干部/加工/验光 （西安鑫苑大都汇）";"睛姿商贸（上海）有限公司";"2-4千/月";"5"
10;"日语翻译/日语销售/日语外贸/日语文案/日语老师";"辽宁政通对外劳务经济合作有限公司";"1-1.5万/月";"13"
11;"IT公司营业（日语必须）";"辽宁政通对外劳务经济合作有限公司";"1-1.5万/月";"16"
12;"日本工签/电信公司/温泉酒店/免税店/专场招聘会";"辽宁政通对外劳务经济合作有限公司";"1-1.5万/月";"14"
13;"日语机械/电气设计人才";"辽宁语嫣商务信息咨询有限公司";"0.8-1万/月";"23"
14;"日语/日语翻译/日本/电器店/温泉酒店/机场";"辽宁语嫣商务信息咨询有限公司";"1-1.5万/月";"21"
15;"IOS开发工程师 长期出差";"西安未都网络科技有限公司";"1-3万/月";"22"
16;"PHP软件工程师（高级）";"西安英兆软件信息有限责任公司";"0.6-1.2万/月";"45"
17;"PHP软件工程师";"西安英兆软件信息有限责任公司";"4-6千/月";"53"
18;"日本医美客服";"西安英兆软件信息有限责任公司";"4-5千/月";"7"
19;"日本医美助理";"西安英兆软件信息有限责任公司";"4-5千/月";"9"
20;"高薪聘请日语翻译  双休";"西安英兆软件信息有限责任公司";"4-5千/月";"7"
21;"课程销售";"北京美扩教育咨询有限公司";"4-7千/月";"18"
22;"咨询顾问";"北京美扩教育咨询有限公司";"4-7千/月";"10"
23;"日语翻译(softbank电信公司)";"辽宁政通对外劳务经济合作有限公司";"1-1.5万/月";"18"
24;"箱根/伊豆名温泉酒店前台（日语必须）";"辽宁政通对外劳务经济合作有限公司";"1-1.5万/月";"13"
25;"大阪市内免税店奢侈品日语销售";"辽宁政通对外劳务经济合作有限公司";"1-1.5万/月";"10"
26;"l日语专业赴日本工作/免税店/奢侈品/酒店/翻译担当";"辽宁政通对外劳务经济合作有限公司";"1-1.5万/月";"16"
27;"高薪诚聘免税店销售代表";"大连新翔教育咨询有限公司";"1.5-2千/月";"1"
28;"日语翻译-SK2化粧品販売";"普森瑞科人力资源咨询（重庆）有限公司";"1-1.5万/月";"7"
29;"日企服务岗位实习";"西安艾德凯森教育信息咨询服务有限公司";"0.8-1万/月";"12"
30;"J-Field集团线上对外汉语教师";"西安交大国际汉语教师西北考试中心";"30元/小时";"76"
31;"东京SK-II香奈儿化妆品店销售";"重庆兴贤出国咨询服务有限公司";"1-1.5万/月";"20"
32;"日本就职规划师";"沈阳政通佳益教育咨询有限公司";"4-6千/月";"6"
33;"日本工签   日语营业担当";"大连新翔教育咨询有限公司";"0.8-1万/月";"3"
34;"对日软件开发工程师（JAVA/.NET)-OCA";"上海新致软件股份有限公司";" ";"45"
35;"烘焙课程顾问";"ABC Cooking Studio";"0.4-1万/月";"37"
36;"日本工作签—免税店店员，年收18万左右";"大连新翔教育咨询有限公司";"1-1.5万/月";"5"
37;"日本工签    日语营业担当";"大连新翔教育咨询有限公司";"1.5-2万/月";"17"
38;"JINS眼镜导购（西安各大店铺）";"睛姿商贸（上海）有限公司";"2-3千/月";"26"
39;"日语网络工程师（会日语，网络零基础也可以）";"创译科技（大连）有限公司";"1.3-3万/月";"33"
40;"日语翻译日本就职工作签证";"大连日协教育信息咨询有限公司";"0.8-1万/月";"8"
41;"日本各地大型连锁酒店、温泉酒店";"辽宁语嫣商务信息咨询有限公司";"1-1.5万/月";"14"
42;"Java开发工程师";"江苏润和软件股份有限公司";"0.6-1.5万/月";"68"
43;"Android开发工程师 长期出差";"西安未都网络科技有限公司";"1-3万/月";"40"
44;"日本工作签证--综合销售岗位";"大连新翔教育咨询有限公司";"0.8-1.3万/月";"9"
45;"文案策划";"北京美扩教育咨询有限公司";"3.5-6千/月";"10"
46;"咨询顾问";"西安英兆软件信息有限责任公司";"4-5千/月";"6"
47;"赴日java软件开发工程师";"大连维思创新科技有限公司";"1.5-3万/月";"57"
48;"赴日日语/日本酒店/免税店/翻译/营业/跟单/外贸";"辽宁政通对外劳务经济合作有限公司";"1-1.5万/月";"15"
49;"日本工作签证bpo系统运维管理";"大连日协教育信息咨询有限公司";"1-1.5万/月";"13"
50;"手机APP开发工程师";"陕西诚泰科技讯息有限责任公司";"6-8千/月";"13"
51;"Web后端工程师";"杉树岭网络科技有限公司";"1.5千以下/月";"8"
52;"Android开发工程师";"陕西诚泰科技讯息有限责任公司";"0.7-1.2万/月";"35"
53;"Python开发工程师";"上海云首信息科技有限公司";"1.5-2万/月";"78"
54;"JAVA软件开发工程师";"陕西浦思金融网络科技有限公司";"0.8-1万/月";"111"
55;"高级PHP开发工程师";"陕西晟运通科技有限公司";"1.5-2.5万/月";"26"
56;"java软件工程师(001432)";"中科创达新产品事业部";"1-1.5万/月";"129"
57;"Web后端开发工程师";"一诺仪器（中国）有限公司";"0.8-1万/月";"32"
58;"WEB后端开发工程师";"西安墨科通讯科技有限公司";"0.6-1万/月";"27"
59;"高级web后端工程师";"北京轩宇信息技术有限公司";"0.6-1.2万/月";"41"
60;"Web后端工程师";"深圳市中易腾达科技股份有限公司";"0.8-1万/月";"57"
61;"爬虫开发工程师";"西安图道信息科技有限公司";"6-8千/月";"77"
62;"前端开发人员（西安）";"中电长城网际系统应用有限公司";"0.8-1万/月";"53"
63;"金融云服务工程师-A05";"赞同科技股份有限公司";"6-8千/月";"14"
64;"初级软件质量工程师";"西安奥卡云数据科技有限公司";"0.8-1万/月";"58"
65;"自动化软件开发工程师";"西安蜂语信息科技有限公司";"0.7-1.2万/月";"15"
66;"云安全研究员(J11525)";"绿盟科技";"1.3-2万/月";"9"
67;"大数据开发工程师";"东华软件股份公司";"0.8-1.4万/月";"23"
68;"图像算法工程师";"西安盈谷网络科技有限公司";"0.6-1.2万/月";"41"
69;"软件测试工程师";"瑞斯康达科技发展股份有限公司";"6-8千/月";"347"
70;"后台网站工程师";"瑞斯康达科技发展股份有限公司";"6-8千/月";"38"
71;"Linux c开发工程师";"江苏润和软件股份有限公司";"1-1.5万/月";"49"
72;"Software engineer";"苏州联讯仪器有限公司";"0.6-1万/月";"38"
73;"软件测试工程师（通信传输设备）";"烽火通信科技股份有限公司";"15-20万/年";"221"
74;"系统集成测试工程师";"西安兴汇电力科技有限公司";"0.6-1.5万/月";"209"
75;"软件技术支持工程师";"西安点通软件信息技术有限公司";"4-6千/月";"62"
76;"软件咨询顾问";"西安点通软件信息技术有限公司";"4-6千/月";"3"
77;"手机fota研发工程师(001487)";"中科创达软件股份有限公司";" ";"15"
78;"手机系统测试";"北京湛腾世纪科技有限公司";"6-8千/月";"71"
79;"软件开发（GA-T-20180514-002W）";"太极计算机股份有限公司";"5-9千/月";"16"
80;"CAE二次开发工程师";"上海奥锐波客软件技术有限公司";"0.7-1万/月";"28"
81;"软件测试工程师";"陕西译喵网络科技有限公司";"4-8千/月";"216"
82;"算法工程师";"西安银信博锐信息科技有限公司";"4.5-6千/月";"12"
83;"数据工程师（LT13whx）";"北京东方国信科技股份有限公司";"0.5-1万/月";"28"
84;"手机fota研发工程师(001487)";"中科创达新产品事业部";"1-1.5万/月";"13"
85;"IT运维开发工程师";"中通服科信信息技术有限公司";"6-8千/月";"68"
86;"软件测试工程师(通用IPC)";"浙江宇视科技有限公司";"0.8-1万/月";"165"
87;"中级算法工程师";"北京华洋宏软件开发有限责任公司";"1-2万/月";"29"
88;"云平台技术支持工程师";"研华（中国）有限公司";"6-8千/月";"58"
89;"网络协议解析工程师";"上海阅维信息科技有限公司";"1-1.5万/月";"37"
90;"算法工程师";"华扬联众数字技术股份有限公司";"1.5-3.5万/月";"57"
91;"嵌入式算法工程师";"中科芯集成电路股份有限公司（中国电子科技集团公司第五十八研究所）";"10-30万/年";"49"
92;"初级C++研发工程师";"西安四维图新信息技术有限公司";"6-8千/月";"47"
93;"Java开发工程师";"西安数美互动网络技术有限公司";"1-1.5万/月";"232"
94;"Cloud DevOps Engineer for the SAP Big Data Team";"思爱普（中国）有限公司";" ";"28"
95;"大数据工程师-监控方案";"赞同科技股份有限公司";"1.5-2.3万/月";"35"
96;"结构仿真咨询专家--西安";"安世亚太科技股份有限公司";"0.8-1.5万/月";"32"
97;"初级web全栈工程师";"西安奥卡云数据科技有限公司";"0.8-1万/月";"18"
98;"硬件测试";"西安蜂语信息科技有限公司";"0.6-1万/月";"37"
99;"图像处理工程师";"山东雷诚电子科技有限公司西安研发中心";"0.8-1.2万/月";"14"
100;"深度学习工程师";"西安盈谷网络科技有限公司";"0.6-1.2万/月";"34"
101;"软件测试工程师（中级）";"西安腾营信息科技有限公司";"6-8千/月";"104"
102;"IT技术支持";"西安亚购信息科技有限公司";"3-5千/月";"43"
103;"容器云平台开发工程师";"大唐移动通信设备有限公司西安分公司";"0.8-1.3万/月";"19"
104;"软件测试工程师";"深圳市广和通无线股份有限公司";"0.7-1.4万/月";"316"
105;"大数据开发实习生";"陕西养正文化发展有限公司";"4.5-6千/月";"61"
106;"Software Engineer /软件工程师_DC";"博世力士乐（西安）电子传动与控制有限公司";" ";"32"
107;"大数据开发工程师";"西安九索数据技术股份有限公司";"0.6-1.2万/月";"35"
108;"软件测试工程师";"西安海平方网络科技有限公司";"0.8-1万/月";"89"
109;"APP测试工程师";"西安迈思途软件科技有限公司";"4.5-6千/月";"12"
110;"运维实施工程师";"西安点通软件信息技术有限公司";"4-6千/月";"30"
111;"Web开发工程师";"西安三茗科技股份有限公司";"6-8千/月";"32"
112;"测试工程师";"西安栎安科技有限公司";"0.5-1万/月";"127"
113;"python开发";"中软国际科技服务有限公司";"0.8-1.5万/月";"82"
114;"python 全栈开发工程师";"西安晨之星信息科技有限责任公司";"0.5-2万/月";"42"
115;"Python开发工程师";"杭州世平信息科技有限公司";"7-9千/月";"139"
116;"Python开发工程师";"西安优逸客网络科技有限公司";"0.6-1万/月";"137"
117;"Web开发工程师（西安）";"绿盟科技";"0.8-1.5万/月";"35"
118;"python研发工程师";"绿盟科技";"0.8-1万/月";"128"
119;"Python开发工程师";"北京华九德企业管理有限公司";" ";"73"
120;"Python开发工程师";"东方网力科技股份有限公司";"1-2万/月";"122"
121;"Python开发工程师";"上海易宝软件有限公司深圳分公司";" ";"80"
122;"Python开发工程师";"西安华众电子科技股份有限公司";"0.5-1.5万/月";"100"
123;"跨界 人事主管/招聘专员";"小马股份有限公司西安分公司";"0.5-2.5万/月";"15"
124;"㊣㊣ 跨界 人事主管/招聘专员";"小马股份有限公司西安分公司";"0.5-2.5万/月";"11"
125;"㊣㊣ 跨界 人事主管/招聘专员";"小马股份有限公司西安分公司";"0.5-2.5万/月";"13"
126;"㊣㊣ 跨界 人事主管/招聘专员";"小马股份有限公司西安分公司";"0.5-2.5万/月";"29"
127;"㊣㊣㊣ 服务器安全工程师 ㊣㊣㊣";"小马股份有限公司西安分公司";"0.5-2.5万/月";"18"
128;"㊣㊣㊣ 服务器运维工程师 ㊣㊣㊣";"小马股份有限公司西安分公司";"0.5-2.5万/月";"20"
129;"服务器运维工程师";"小马股份有限公司西安分公司";"0.5-2.5万/月";"48"
130;"服务器安全工程师";"小马股份有限公司西安分公司";"0.5-2.5万/月";"26"
131;"Java开发工程师";"东华软件股份公司";"0.8-1.4万/月";"21"
132;"Java开发工程师";"东华软件股份公司";"0.8-1.4万/月";"33"
133;"运维实施工程师";"东华软件股份公司";" ";"31"
134;"数据抓取工程师";"东华软件股份公司";"0.8-1.6万/月";"45"
135;"大数据产品经理";"东华软件股份公司";" ";"16"
136;"00079-软件测试工程师";"上海京颐科技股份有限公司";"0.6-1万/月";"151"
137;"Linux中级软件工程师";"深圳市德卡科技股份有限公司";"0.6-1万/月";"17"
138;"Linux高级软件工程师";"深圳市德卡科技股份有限公司";"1-1.5万/月";"27"
139;"嵌入式初级开发工程师（C语言）";"深圳市德卡科技股份有限公司";"4-6千/月";"34"
140;"大数据开关工程师";"深圳市讯方技术股份有限公司";"1-1.5万/月";"63"
141;"性能测试工程师";"西安恒谦教育科技股份有限公司";"4.5-6千/月";"33"
142;"C/C++高级开发工程师";"西安三茗科技股份有限公司";"0.8-1.5万/月";"51"
143;"Linux软件工程师";"西安三茗科技股份有限公司";"0.8-1万/月";"39"
144;"（某500强知名企业）软件配置管理SCM";"西安瀚特人力资源有限公司";"1-1.5万/月";"9"
145;"（某500强知名企业）Docker高级开发工程师";"西安瀚特人力资源有限公司";"1-1.5万/月";"17"
146;"（某500强知名企业）大数据运维工程师";"西安瀚特人力资源有限公司";"1-1.5万/月";"27"
147;"（某500强知名企业）云业务架构师";"西安瀚特人力资源有限公司";"1.5-2万/月";"25"
148;"（某500强知名企业）大数据开发工程师";"西安瀚特人力资源有限公司";"1.5-2万/月";"24"
149;"WEB测试工程师";"上海数果科技有限公司";"0.5-1万/月";"61"
150;"（某500强知名企业）Devops架构师";"西安瀚特人力资源有限公司";"2.5-3万/月";"38"
151;"（某500强知名企业）三维重建算法工程师";"西安瀚特人力资源有限公司";"2-2.5万/月";"20"
152;"大数据开发工程师-西安";"北京小鱼易连科技有限公司";"1-2万/月";"37"
153;"高级软件工程师";"西安鼎力信息技术有限责任公司";"0.7-1万/月";"13"
154;"Java开发工程师";"西安橡树软件有限公司";"6-8千/月";"248"
155;"软件测试工程师";"陕西九鼎通信技术有限公司";"0.6-1万/月";"365"
156;"测试经理";"酷渲（北京）科技有限公司";"0.8-1.2万/月";"31"
157;"Java开发工程师";"酷渲（北京）科技有限公司";"0.8-1.5万/月";"183"
158;"高级nodeJs工程师";"陕西维纳传媒股份有限公司";"0.8-1.5万/月";"11"
159;"高级PHP工程师";"陕西维纳传媒股份有限公司";"0.8-1.5万/月";"24"
160;"Web前端工程师";"陕西维纳传媒股份有限公司";"0.6-1万/月";"45"
161;"JavaWeb工程师";"陕西维纳传媒股份有限公司";"0.8-1.5万/月";"37"
162;"运维工程师";"陕西星邑空间技术有限公司";"1-1.5万/月";"78"
163;"测试工程师";"上海思华科技股份有限公司";"0.8-1.2万/月";"162"
164;"Docker开发工程师";"上海思华科技股份有限公司";"1-1.5万/月";"12"
165;"产品经理";"上海思华科技股份有限公司";"1-2万/月";"38"
166;"SDN开发工程师";"上海思华科技股份有限公司";"1-1.5万/月";"13"
167;"监控运维开发工程师";"上海思华科技股份有限公司";"1.5-2万/月";"29"
168;"存储工程师";"上海凯翔信息科技有限公司";"1-1.5万/月";"19"
169;"云计算现场实施工程师";"上海思华科技股份有限公司";"0.6-1.2万/月";"31"
170;"Openstack运维实施工程师";"上海思华科技股份有限公司";"0.6-1万/月";"35"
171;"软件测试工程师（西安）";"深圳市有方科技股份有限公司";"0.8-1.2万/月";"293"
172;"高级软件测试工程师（西安）";"深圳市有方科技股份有限公司";"0.8-1.2万/月";"186"
173;"软件测试助理工程师（西安）";"深圳市有方科技股份有限公司";"6-8千/月";"261"
174;"C++编程讲师";"上海傲梦网络科技有限公司";"400元/天";"19"
175;"Javascript讲师";"上海傲梦网络科技有限公司";"6-8千/月";"41"
176;"C语言老师";"上海傲梦网络科技有限公司";"6-8千/月";"16"
177;"大数据开发工程师";"杭州世平信息科技有限公司";"0.8-1.5万/月";"48"
178;"C++开发工程师";"杭州世平信息科技有限公司";"0.7-1.4万/月";"48"
179;"java开发（人工智能大数据方向）接受0基础";"陕西养正文化发展有限公司";"3-4.5千/月";"37"
180;"云方向业务部门_大数据工程师";"北京思特奇信息技术股份有限公司陕西分公司";"0.6-1万/月";"30"
181;"java高级软件工程师";"北京军地联合信息技术研究发展中心（有限合伙）";"0.8-1万/月";"49"
182;"java中级软件工程师";"北京军地联合信息技术研究发展中心（有限合伙）";"1-1.5万/月";"109"
183;"项目实施（实习生）";"西安翼展电子科技有限公司";"100元/天";"58"
184;"体验运营专家(J180813013)";"滴滴出行";"1.5-2万/月";"65"
185;"大数据算法工程师";"深圳市易流科技股份有限公司";"1.5-2.5万/月";"47"
186;"RD-机器学习工程师（可接收实习生）";"TCL集团工业研究院";"0.8-1.5万/月";"64"
187;"RD-数据标记实习生";"TCL集团工业研究院";"100元/天";"40"
188;"IT培训讲师（Linux）";"北京中公教育科技股份有限公司";"0.6-1.2万/月";"10"
189;"立体视觉算法工程师-XA";"深圳奥比中光科技有限公司";"1.5-3万/月";"13"
190;"高级运维工程师";"西安缤纷鸟少儿美术培训中心";"0.5-1万/月";"28"
191;"Sr. Java  (Map & GIS)";"西安泰为软件有限公司";"1-1.5万/月";"17"
192;"Build & Release Engineer";"西安泰为软件有限公司";"1.5-2万/月";"10"
193;"C/C++高级开发工程师";"北京北信源软件股份有限公司";"0.8-1万/月";"25"
194;"资深深度学习算法工程师";"维视科技（西安）有限公司";"2.5-4万/月";"9"
195;"高级数据库工程师";"维视科技（西安）有限公司";"1.2-1.8万/月";"16"
196;"开发工程师";"维视科技（西安）有限公司";"0.6-1.2万/月";"15"
197;"深度学习算法研发工程师";"维视科技（西安）有限公司";"1.5-3万/月";"16"
198;"云计算工程师";"维视科技（西安）有限公司";"0.8-1.5万/月";"4"
199;"运维安全工程师（驻台）";"陕西恒东网络科技有限责任公司";"1-1.5万/月";"8"
200;"初级存储研发工程师";"次元境界科技（北京）有限公司";"10-15万/年";"19"
201;"System test engineer软件测试工程师";"KaiOS凯系通讯科技";"6-9千/月";"386"
202;"算法工程师";"西安思菲特信息科技有限公司";"0.8-1.5万/月";"50"
203;"嵌入式开发高级工程师";"西安思菲特信息科技有限公司";"0.8-1.2万/月";"31"
204;"C++中级软件工程师";"西安魔盾电气工程自动化研究所有限公司";"0.6-1万/月";"35"
205;"Web开发工程师（派遣）-西安";"大唐移动通信设备有限公司西安分公司";"0.7-1万/月";"72"
206;"爬虫开发工程师";"西安图道信息科技有限公司";"6-8千/月";"77"
207;"Java开发工程师";"西安图道信息科技有限公司";"6-8千/月";"425"
208;"大数据开发工程师";"厦门市美亚柏科信息股份有限公司";"0.7-1.5万/月";"24"
209;"区块链开发工程师";"西安华信智慧数字科技有限公司";"1-2万/月";"17"
210;"运维工程师";"西安图道信息科技有限公司";"3-6千/月";"14"
211;"电信云5G数据存储工程师";"大唐移动通信设备有限公司西安分公司";"0.8-1.3万/月";"10"
212;"Python研发工程师 爬虫";"西安智推网络科技有限公司";"0.8-1.6万/月";"66"
213;"Python软件工程师";"北京优诺信创科技有限公司";"0.6-1万/月";"53"
214;"开发工程师（python方向）";"北京华软金科信息技术有限公司";"0.8-1万/月";"61"
215;"Python开发工程师（实习生）";"陕西速橘丰信息科技有限公司";"4.5-6千/月";"115"
216;"Python开发工程师助理/实习";"陕西速橘丰信息科技有限公司";"4.5-6千/月";"153"
217;"Hadoop开发工程师";"西安环太科技发展有限公司";"5-8千/月";"15"
218;"大数据工程师";"北京先进数通信息技术股份公司";"4-9千/月";"26"
219;"策略咨询顾问";"中科聚信信息技术（北京）有限公司";"1.5-2万/月";"9"
220;"Java开发工程师";"陕西秦林商务信息咨询有限公司";"0.8-1万/月";"85"
221;"渲染TD";"西咸新区秦汉新城新丝路数字文化科技有限公司";"0.8-1.5万/月";"13"
222;"算法工程师-监控方案";"赞同科技股份有限公司";"1.5-2万/月";"28"
223;"Java /大数据开发工程师";"三盟科技股份有限公司";"1.5-2.2万/月";"93"
224;"模型工程师";"数尊信息科技（上海）有限公司";"0.6-1.5万/月";"3"
225;"测试工程师";"陕西北斗金控信息服务有限公司";"0.6-1万/月";"166"
226;"GIS开发工程师";"西安山脉科技发展有限公司";"0.8-1万/月";"19"
227;"数据工程师";"Thoughtworks";"1.5-3万/月";"28"
228;"Java开发工程师";"陕西智诚合创科技股份有限公司";"4-6千/月";"114"
229;"遥感算法设计师";"航天星图科技（北京）有限公司";"0.5-1万/月";"16"
230;"组件验证工程师";"矽昆微电子（上海）有限公司";"0.8-1.5万/月";"42"
231;"软件配置工程师";"西安闻泰电子科技有限公司";"1-1.8万/月";"7"
232;"JAVA开发工程师-西安";"北京华晨阳通信技术有限责任公司";"4-8千/月";"249"
233;"高级Web前端";"西安丝路智慧旅游科技有限公司";"0.8-1万/月";"28"
234;"运维工程师";"上海科箭软件科技有限公司";"0.7-1万/月";"87"
235;"产品咨询顾问";"美林数据技术股份有限公司";"0.8-1.6万/月";"27"
236;"大数据开发工程师";"西安合昇网络科技有限公司";"1-1.5万/月";"46"
237;"大数据开发工程师";"上海思伟软件有限公司";"1-3万/月";"37"
238;"Web前端开发工程师";"西安瑞特森信息科技有限公司";"0.5-1万/月";"101"
239;"数据挖掘分析/机器学习实习生";"深圳市长亮科技股份有限公司";"3-4千/月";"11"
240;"高级算法工程师（硅谷技术）";"西安咏圣达电子科技有限公司";"1-1.5万/月";"28"
241;"JAVA大数据分析工程师";"深圳优克云联科技有限公司";"0.8-3万/月";"23"
242;"00037-测试工程师（政企事业中心）";"上海趣医网络技术服务有限公司";"0.8-1万/月";"99"
243;"运维工程师";"西安九索数据技术股份有限公司";"0.5-1万/月";"54"
244;"网络信息安全工程师";"陕西智汇堂文化信息科技有限公司";"1.5-2万/月";"15"
245;"Android开发工程师";"西安行方思远网络科技有限公司";"3-7千/月";"31"
246;"linux运维/自动化运维工程师";"深圳市强能盛贸易有限公司";"1-3.5万/月";"29"
247;"大数据开发工程师";"北京华洋宏软件开发有限责任公司";"1-2万/月";"30"
248;"自动化测试工程师";"和利时集团--西安和利时";"1-1.3万/月";"154"
249;"产品技术研发总监";"上海汉得信息技术股份有限公司";"1.6-2.1万/月";"50"
250;"高级测试工程师-西安-14007";"优信集团";"11-20万/年";"116"
251;"爬虫开发工程师";"陕西运璟网络科技有限公司";"1-1.5万/月";"54"
252;"软件工程师";"西安铂力特增材技术股份有限公司";"1-1.5万/月";"28"
253;"PHP开发工程师";"北京鲸鹳科技有限公司陕西分公司";"0.8-1.5万/月";"45"
254;"高级web全栈工程师";"西安奥卡云数据科技有限公司";"2.5-3万/月";"33"
255;"DBA(001894)";"东方网力科技股份有限公司";"1-1.5万/月";"31"
256;"Web前端开发工程师";"西安可视可觉网络科技有限公司";"0.8-1万/月";"97"
257;"软件工程师";"西安伟伦实业发展有限公司";"0.8-1.2万/月";"22"
258;"Sr. QA 高级测试工程师  （工作地点：上海）";"花旗金融信息服务（中国）有限公司Citigroup Services and Technology (China) Limited.";" ";"18"
259;"人工智能工程师";"北京中电普华信息技术有限公司";"1-1.5万/月";"29"
260;"PHP开发工程师";"西安雅森研学教育科技有限公司";"0.6-1.2万/月";"23"
261;"后端研发工程师";"西安速度时空大数据科技有限公司";"1-1.5万/月";"45"
262;"软件测试工程师";"西安易流物联科技有限公司";"0.5-1万/月";"376"
263;"算法工程师";"上海艾飞能源科技有限公司";"0.6-1.2万/月";"36"
264;"WEB前端开发工程师";"西安圣点世纪科技有限公司";"0.7-1.4万/月";"115"
265;"VR 相关算法工程师 高级软件工程师";"西安灵境科技有限公司";"8-20万/年";"37"
266;"人工智能讲师";"西安软件服务外包学院";"0.8-1万/月";"15"
267;"软件测试";"西安三好软件技术股份有限公司";"3-5千/月";"243"
268;"系统运维工程师";"西安兴汇电力科技有限公司";"6-8千/月";"61"
269;"大数据开发工程师";"陕西海默油田服务有限公司";"6-8千/月";"32"
270;"PHP高级开发工程师";"陕西远洋科技实业有限责任公司";"0.8-1万/月";"16"
271;"流体咨询专家--西安";"安世亚太科技股份有限公司";"0.8-1.5万/月";"30"
272;"C++/C#中级开发工程师";"北京兰光创新科技有限公司";"1-1.5万/月";"50"
273;"大数据分析实习生";"上海阅维信息科技有限公司";"3-4.5千/月";"78"
274;"大数据工程师";"南京嘉环科技有限公司";"0.8-2万/月";"23"
275;"软件测试工程师";"西安悦泰科技有限责任公司";"6-8千/月";"396"
276;"生产测试开发工程师（西安）";"华勤通讯技术有限公司";"0.8-1.2万/月";"190"
277;"云业务架构师";"西安诺嘉信息科技有限公司";"2.5-3万/月";"36"
278;"高级测试工程师";"深圳市广和通无线股份有限公司";"0.7-1.4万/月";"119"
279;"数据分析师";"河南正华电讯有限公司西安分公司";"3.5-6千/月";"23"
280;"渗透测试工程师";"西安交大捷普网络科技有限公司";"0.6-1万/月";"28"
281;"测试工程师";"中寰卫星导航通信有限公司";"0.6-1.2万/月";"240"
282;"新东方X创造力学院代码编程老师";"西安新东方学校";"5-8千/月";"30"
283;"系统运维工程师";"北京神州商通网络科技有限公司";"0.5-1万/月";"50"
284;"500强-华为-大数据工程师";"北京外企德科人力资源服务上海有限公司";"1.5-2.5万/月";"18"
285;"高级ASIC后端工程师（工作地点：泸州）";"泸州倍赛达科技有限公司";"2-2.5万/月";"13"
286;"数据分析师（十三薪+双休）";"北京中海华晟信息技术有限公司西安分公司";"0.8-1万/月";"64"
287;"大数据算法工程师(战略业务)";"北京超图软件股份有限公司";"1-1.5万/月";"26"
288;"系统运维工程师(000974)";"启迪国信科技有限公司";"1-1.5万/月";"93"
289;"Java高级开发工程师";"西安绅聚智芯电子科技有限公司";"1-1.5万/月";"37"
290;"大数据研发工程师";"北京明朝万达科技股份有限公司";"0.8-1.6万/月";"23"
291;"数据挖掘工程师";"陕西天行健车联网信息技术有限公司";"0.8-1万/月";"22"
292;"实施工程师（西安） (MJ000051)";"北京推想科技有限公司";"0.5-1万/月";"38"
293;"大数据算法工程师";"西安思坦仪器股份有限公司";"0.8-1.5万/月";"29"
294;"视频/图像算法工程师（天益太赫兹）";"西安天和防务技术股份有限公司";"1-1.5万/月";"64"
295;"高级软件工程师";"山东雷诚电子科技有限公司西安研发中心";"0.7-1.2万/月";"2"
296;"软件测试工程师";"威发（西安）软件有限公司";"5-9千/月";"295"
297;"C++高级开发工程师 25k-35k [全国招]";"微特莱斯科技（深圳）有限公司";"2.5-3万/月";"35"
298;"软件开发软件测试工程师";"沈阳亚诗达科技有限公司";"0.6-1万/月";"239"
299;"Developer Associate";"思爱普（中国）有限公司";"1.5千以下/月";"11"
300;"算法工程师";"杭州英歌智达科技有限公司";"1-2.5万/月";"21"
301;"人工智能工程师";"天图软件科技有限公司";"1-2万/月";"31"
302;"自动化运维工程师";"西安诺瓦电子科技有限公司";"6-9千/月";"43"
303;"JAVA开发工程师";"西安海润通信技术有限公司";"0.7-1.4万/月";"243"
304;"服务器存储工程师（西安）(J10173)";"北京奕斯伟科技有限公司";"1-2万/月";"34"
305;"高级运维工程师";"中国电信集团系统集成有限责任公司西安区域中心";"0.7-1万/月";"31"
306;"服务器运维工程师";"陕西省君凯电子科技有限公司";"0.5-1万/月";"32"
307;"软件工程师（通信传输设备）";"烽火通信科技股份有限公司";"15-23万/年";"46"
308;"Web前端开发工程师高级";"西安亿阳信通软件科技发展有限公司";"1.2-1.6万/月";"89"
309;"机器学习算法工程师";"陕西瑞迅电子信息技术有限公司";"1-2万/月";"56"
310;"软件工程师（校园招聘）";"陕西亚成微电子股份有限公司";"0.8-1万/月";"74"
311;"Firmware Engineer";"苏州联讯仪器有限公司";"0.6-1万/月";"18"
312;"系统架构设计师";"北京中航讯科技股份有限公司";"2.5-3万/月";"47"
313;"生物信息工程师";"西安中科茵康莱医学检验有限公司";"5-8.5千/月";"56"
314;"Docker工程师";"西安中服软件有限公司";"1-1.5万/月";"20"
315;"Sr. Security Engineer / 高级网络安全工程师";"西安活跃网络有限公司";"2.5-3万/月";"23"
316;"算法工程师（深度学习）（西安）";"聚龙股份有限公司";"1.5-2万/月";"56"
317;"技术构架师   兼项目经理";"旅拍通科技有限公司";"0.8-1万/月";"15"
318;"大数据开发工程师";"万达信息股份有限公司";"1.5-2万/月";"41"
319;"软件测试工程师";"西安三星电子研究有限公司";"0.8-1.5万/月";"427"
320;"测试经理";"美格智能西安研究所";"0.8-1万/月";"83"
321;"教师（计算机方向）";"西安欧亚学院";"6-8千/月";"40"
322;"高级测试工程师";"西安北科维拓科技有限公司";"0.8-1万/月";"166"
323;"技术支持工程师（19届校招）";"西安新路网络科技有限公司";"5-8千/月";"29"
324;"产品发布工程师";"泰为信息科技（上海）有限公司";"1.5-2万/月";"13"
325;"测试工程师";"中科金审（北京）科技有限公司";"0.8-1.3万/月";"206"
326;"IC验证工程师";"顺卓微电子（西安）有限公司";"1-1.5万/月";"30"
327;"AI高级工程师";"蜀海（北京）供应链管理有限责任公司";"1-2万/月";"27"
328;"数据库工程师";"南京烽火星空通信发展有限公司";"1-2万/月";"80"
329;"C++高级软件工程师";"江苏锐天信息科技有限公司西安分公司";"1.2-1.6万/月";"41"
330;"云平台开发工程师";"研华（中国）有限公司";"6-8千/月";"20"
331;"图像算法工程师";"西安大医集团有限公司";"0.8-1.5万/月";"52"
332;"大数据运维工程师";"珠海网博信息科技股份有限公司";"1.5-2万/月";"43"
333;"Web后端工程师";"深圳市中易腾达科技股份有限公司";"0.8-1万/月";"57"
334;"前端与移动开发   讲师(J11079)";"传智播客教育集团西安分校";"1.5-1.7万/月";"46"
335;"大数据开发工程师";"青海宝讯溯源网络科技有限公司西安分公司";"6-8千/月";"34"
336;"软件测试工程师（中级）";"西安图迹信息科技有限公司";"6-8千/月";"425"
337;"软件研发工程师（应届）";"紫光陕数大数据有限公司";"1-1.5万/月";"66"
338;"大数据开发工程师";"陕西万盛达信息科技有限公司";"0.8-1.5万/月";"73"
339;"系统测试工程师";"西安中科创星科技孵化器有限公司";"0.6-1万/月";"76"
340;"大数据开发工程师";"北京德天博诚科技有限公司";"1-2万/月";"22"
341;"linux C++高级开发工程师";"广州优孚欧智能科技有限公司";"0.6-1.2万/月";"33"
342;"软件测试工程师";"深圳普创天信科技发展有限公司";"0.5-1万/月";"424"
343;"数据开发工程师";"武汉金淳久久商贸有限公司";"3-4.5千/月";"20"
344;"数字IC后端设计工程师";"广州众诺电子技术有限公司";"1-2万/月";"16"
345;"数据工程师";"华扬联众数字技术股份有限公司";"1-2万/月";"45"
346;"高级测试工程师";"深圳光启空间技术有限公司";"1-1.5万/月";"154"
347;"数据工程师";"西安点告网络科技有限公司";"1.3-2.2万/月";"25"
348;"C/C++开发工程师";"西安栎安科技有限公司";"0.5-1.5万/月";"59"
349;"TPCE Test Engineer(ATE/BURN)";"美光半导体（西安）有限责任公司";" ";"22"
350;"大数据开发工程师";"陕西新华出版传媒集团数字出版基地发展有限公司";"0.6-1.2万/月";"43"
351;"软件配置管理(SCM)工程师";"北京讯通安添通讯科技有限公司西安分公司";"1-1.5万/月";"15"
352;"软件测试工程师";"甘肃上航电力运维有限公司";"6-8千/月";"431"
353;"手机自动化测试工程师";"宁波普天通信技术有限公司";"4-7千/月";"45"
354;"DevOps Engineer";"印孚瑟斯技术（中国）有限公司";"1-1.5万/月";"10"
355;"后台开发工程师";"爱讯达科技（深圳）有限公司";"0.6-1.2万/月";"11"
356;"全栈工程师";"北京时代一峰信息技术有限公司";"0.8-1.5万/月";"26"
357;"精密测量算法工程师";"西安知象光电科技有限公司";"1-1.5万/月";"28"
358;"ROS教育研发专员";"西安乐博士机器人有限公司";"4-6千/月";"25"
359;"网络安全培训讲师";"奇虎360科技有限公司";"1.5-2万/月";"63"
360;"外卖数据分析员";"陕西泰合信息科技有限公司";"3-4.5千/月";"21"
361;"web前端开发";"西安西品网络科技有限公司";"4.5-6千/月";"113"
362;"深度学习算法工程师";"西安中科光电精密工程有限公司";"15-20万/年";"74"
363;"网络产品测试工程师";"郑州信大捷安信息技术股份有限公司";"6-8千/月";"53"
364;"测试实习生（西安）(J10062)";"绿盟科技";"2-3千/月";"43"
365;"Senior software Engineer/高级软件工程师_DC";"博世力士乐（西安）电子传动与控制有限公司";" ";"36"
366;"全栈工程师";"三门峡崤云安全服务有限公司";"6-8千/月";"25"
367;"日志安全分析师";"三门峡崤云信息服务股份有限公司";"0.5-1万/月";"8"
368;"高级PHP软件开发工程师";"西安三态电子商务有限公司";"1.2-1.5万/月";"15"
369;"Linux C/C++ 高级软件工程师";"格尔软件股份有限公司";"1-1.5万/月";"75"
370;"全栈开发工程师";"西安思科特软件有限公司";"1-1.5万/月";"21"
371;"大数据JAVA开发工程师";"通联商务服务有限公司";"1-1.5万/月";"135"
372;"少儿编程老师";"西安童程童创教育科技有限公司";"0.6-1万/月";"25"
373;"Java开发工程师";"厦门唐普信息技术有限公司";"0.6-2.5万/月";"324"
374;"高级web后端工程师";"北京轩宇信息技术有限公司";"0.6-1.2万/月";"41"
375;"高级软件测试工程师";"北京盛恒鑫业能源科技有限公司";"0.6-1.5万/月";"118"
376;"Cloud NFVi Solution Architect  246455";"Ericsson (China) Communications Co.LTD 爱立信（中国）通信有限公司";" ";"22"
377;"销售分析支持经理";"中外运-敦豪(DHL-Sinotrans)";"1-1.5万/月";"56"
378;"Digital Technology Intern";"GE航空集团";" ";"27"
379;"大数据运维工程师";"新华三技术有限公司";"1-2万/月";"49"
380;"阿里云事业群-云业务架构师-西安区域";"阿里巴巴集团";" ";"49"
381;"软件测试工程师";"浙江大华技术股份有限公司";"10-20万/年";"358"
382;"自动化测试工程师（20名）";"三星数据系统（西安）有限公司";"6-9千/月";"220"
383;"软件测试工程师（超声）";"深圳市理邦精密仪器股份有限公司";"7.5-9千/月";"314"
384;"PostgreSQL DBA（五险一金+双休）";"深圳市坐标软件开发有限公司";"1-1.5万/月";"32"
385;"并行计算研发工程师";"英特工程仿真技术（大连）有限公司";"0.8-1.5万/月";"26"
386;"高级数据库工程师";"西安国际医学中心有限公司";"0.8-1.2万/月";"34"
387;"高级生物信息工程师（西安）";"上海源兹生物科技有限公司";"5-9千/月";"41"
388;"openstack开发运维工程师";"西安盈谷网络科技有限公司";"0.6-1.2万/月";"28"
389;"数据开发工程师";"西安亚购信息科技有限公司";"1-2万/月";"43"
390;"SLAM算法工程师";"广东星舆科技有限公司";"1.5-3万/月";"29"
391;"测试工程师";"北京天源迪科信息技术有限公司";"0.6-1万/月";"265"
392;"C++高级开发工程师";"中兴网鲲信息科技（上海）有限公司";"0.8-1.5万/月";"44"
393;"软件技术总监";"北京中科戎大科技股份有限公司";"1.5-2.5万/月";"21"
394;"大数据开发工程师";"山西科泰航天防务技术股份有限公司";"1-1.5万/月";"37"
395;"网络开发工程师";"瑞斯康达科技发展股份有限公司";"6-8千/月";"21"
396;"运维工程师";"广州亿程交通信息集团有限公司";"4-6千/月";"82"
397;"软件设计工程师";"西安智多晶微电子有限公司";"0.7-1.5万/月";"19"
398;"(ID67814)知名汽车公司急聘数据挖掘工程师";"上海任仕达人才服务有限公司";"0.8-1.1万/月";"23"
399;"数据开发工程师（SME）";"陕西西部资信股份有限公司";"1-1.5万/月";"46"
400;"00076-软件测试工程师";"上海京颐科技股份有限公司";"0.6-1万/月";"211"
401;"嵌入式中级开发工程师";"深圳市德卡科技股份有限公司";"6-8千/月";"27"
402;"Java开发工程师";"深圳市讯方技术股份有限公司";"0.7-1.5万/月";"262"
403;"大数据挖掘工程师(高薪+五险一金+双休)";"西安政通信息技术有限公司";"1.5-2万/月";"49"
404;"大数据平台运维工程师（Hadoop方向）";"上海罗盘信息科技有限公司";"1-1.5万/月";"56"
405;"自动化测试工程师";"西安恒谦教育科技股份有限公司";"4.5-6千/月";"46"
406;"Java高级开发工程师";"西安三茗科技股份有限公司";"1.2-1.8万/月";"139"
407;"系统测试工程师";"陕西美农网络科技有限公司";"6-8千/月";"60"
408;"自动化测试工程师";"上海数果科技有限公司";"0.6-1.2万/月";"121"
409;"（某500强知名企业）立体视觉算法工程师";"西安瀚特人力资源有限公司";"2-2.5万/月";"16"
410;"高级Java工程师-西安";"北京小鱼易连科技有限公司";"1-2万/月";"96"
411;"高级安卓(Android)开发工程师";"西安腾营信息科技有限公司";"0.9-1.2万/月";"41"
412;"识别算法工程师";"西安鼎力信息技术有限责任公司";"0.7-1.2万/月";"26"
413;"人工智能机器学习工程师";"西安橡树软件有限公司";"0.8-1万/月";"51"
414;"软件测试工程师（APP测试）";"陕西家护帮网络科技有限公司";"6-9千/月";"217"
415;"Web前端设计师";"陕西九鼎通信技术有限公司";"0.8-1万/月";"32"
416;"软件测试工程师";"酷渲（北京）科技有限公司";"0.8-1.5万/月";"462"
417;"数据分析师";"广州佰聆数据股份有限公司";"1-2万/月";"62"
418;"中高级Java开发工程师（西安）dqz";"北京思路创新科技有限公司";"0.8-1.5万/月";"161"
419;"中高级前端开发工程师";"翔傲信息科技（上海）有限公司";"0.8-1.2万/月";"38"
420;"运维工程师";"北京空间畅想信息技术有限责任公司";"0.8-1万/月";"85"
421;"机器视觉工程师";"陕西锦图企业管理咨询有限责任公司";"20-30万/年";"31"
422;"Linux研发工程师";"上海凯翔信息科技有限公司";"1-1.5万/月";"40"
423;"java/.net/web/大数据软件工程师";"陕西省商务技术学校";"15-20万/年";"182"
424;"高级自动化测试开发工程师（西安）";"深圳市有方科技股份有限公司";"1.5-2.5万/月";"153"
425;"高级嵌入式软件开发工程师";"西安翔迅科技有限责任公司";"1-1.5万/月";"42"
426;"数据建模师";"西安盈通思科软件科技有限公司";"1.5-2万/月";"39"
427;".NET开发工程师";"陕西晶胜广告文化传播有限公司";"3-8千/月";"20"
428;"运维工程师";"深圳汇思诺科技有限公司";"0.5-1万/月";"34"
429;"在线编程老师";"上海傲梦网络科技有限公司";"6-8千/月";"9"
430;"大数据架构师";"北京思特奇信息技术股份有限公司";"2-2.5万/月";"35"
431;"云方向业务部门_大数据高级工程师";"北京思特奇信息技术股份有限公司陕西分公司";"1-1.5万/月";"16"
432;"大数据开发工程师";"上海米赋网络科技有限公司";"0.6-1.2万/月";"37"
433;"WEB前端开发+双休+五险一金+应届生";"西安达文信息技术有限公司";"4-6千/月";"88"
434;"网络运维工程师";"信永中和会计师事务所";" ";"108"
435;"高级测试工程师";"北京军地联合信息技术研究发展中心（有限合伙）";"6-8千/月";"125"
436;"自动化测试工程师";"西安翼展电子科技有限公司";"0.6-1.2万/月";"69"
437;"IT运维工程师";"百胜餐饮（西安）有限公司";"6-8千/月";"149"
438;"深度学习工程师";"中国科学院自动化研究所（洛阳）机器人与智能装备创新研究院";"0.7-1.5万/月";"23"
439;"运营专家(J180807003)";"滴滴出行";"1.5-2万/月";"22"
440;"大数据开发工程师";"深圳市易流科技股份有限公司";"1.5-2.5万/月";"67"
441;"高级测试工程师";"裕日软件有限公司";"0.6-1.2万/月";"61"
442;"算法工程师";"西安浪盟网络科技有限公司";"0.6-1.2万/月";"40"
443;"初级软件工程师";"西安泛网信息技术有限公司";"6-8千/月";"60"
444;"RD-算法移植优化工程师";"TCL集团工业研究院";"0.8-1万/月";"28"
445;"研发总监";"西安启望计算机系统工程有限责任公司";"1-1.5万/月";"23"
446;"大数据开发工程师";"西安恪诚电子科技有限公司";"1-1.5万/月";"37"
447;"三维重建算法工程师-XA";"深圳奥比中光科技有限公司";"1.5-3万/月";"15"
448;"嵌入式软件工程师";"新港海岸（北京）科技有限公司";"0.8-2万/月";"83"
449;"系统运维工程师";"西安葡萄城信息技术有限公司";"0.7-1.2万/月";"103"
450;"大数据运维工程师";"西安华创人力资源管理咨询有限公司";"1.5-2.7万/月";"20"
451;"PHP开发工程师";"陕西无线星空教育科技有限公司";"3-5千/月";"39"
452;"数据分析工程师";"陕西君瀚信息技术有限公司";"6-8千/月";"64"
453;"Java开发工程师";"西安缤纷鸟少儿美术培训中心";"0.5-1万/月";"94"
454;"运维工程师";"陕旅集团骏途旅游网";"0.4-1万/月";"61"
455;"大数据开发工程师（西安）";"杭州数云信息技术有限公司";"1.5-2万/月";"25"
456;"Java高级开发工程师";"北京中软国际信息技术有限公司";"1-1.5万/月";"115"
457;"高级运维工程师";"北京北信源软件股份有限公司";"1-1.4万/月";"98"
458;"自然语言分析师";"西安极数宝数据服务有限公司";"1-1.5万/月";"12"
459;"前端开发工程师";"西安国匠艺海星河酒店管理有限公司";"0.8-1.5万/月";"52"
460;"Sr. C++  (Navigation, Map)";"西安泰为软件有限公司";"1-1.5万/月";"29"
461;"系统运维工程师";"西安维沃通信设备有限责任公司";"4.5-6千/月";"19"
462;"网络安全远程交付工程师";"南京华苏科技有限公司";"0.7-1.5万/月";"14"
463;"大数据开发工程师";"西安宏源视讯设备有限责任公司";"0.5-1万/月";"24"
464;"数据抓取工程师";"东华软件股份公司";"0.8-1.6万/月";"14"
465;"高级测试工程师";"陕西恒东网络科技有限责任公司";"4-8千/月";"75"
466;"首席软件质量工程师";"次元境界科技（北京）有限公司";"30-40万/年";"50"
467;"自动化测试工程师";"KaiOS凯系通讯科技";"0.8-1.2万/月";"126"
468;"嵌入式开发高级工程师";"西安思菲特信息科技有限公司";"0.8-1.2万/月";"33"
469;"高级C++/软件开发工程师";"陕西恒通智能机器有限公司";"1-2万/月";"45"
470;"测试工程师";"西安魔盾电气工程自动化研究所有限公司";"4-6.5千/月";"197"
471;"Java开发工程师";"西安数之元网络科技有限公司";"0.6-1.5万/月";"164"
472;"高级PHP开发工程师";"西安旭辉计算机软件开发有限责任公司";"0.8-1万/月";"39"
473;"招聘经理";"苏州浩辰软件股份有限公司西安分公司";"0.6-1.2万/月";"71"
474;"c++（app解析）";"厦门市美亚柏科信息股份有限公司";"0.8-1.5万/月";"13"
475;"绑定设置师";"华强方特设计院（厦门）有限公司";"0.5-1万/月";"3"
476;"大数据平台运维工程师";"西安因联信息科技有限公司";"0.8-1.5万/月";"12"
477;"交通数据分析工程师";"西安图道信息科技有限公司";"1-1.5万/月";"38"
478;"嵌入式软件工程师";"西安华信智慧数字科技有限公司";"0.8-1.6万/月";"15"
479;"软件测试工程师";"虎丘影像（苏州）有限公司";"6-8千/月";"203"
480;"区块链高级研发工程师";"西安未来国际信息股份有限公司";"1-1.5万/月";"13"
481;"软件工程师";"西安悦锦电子信息科技有限公司";"8-10万/年";"73"
482;"人工智能开发工程师可定岗实习";"陕西众信超达科技有限公司";"4.5-6千/月";"43"
483;"云计算虚拟化开发工程师";"大唐移动通信设备有限公司西安分公司";"1-1.5万/月";"6"
484;"嵌入式开发工程师/高级工程师";"大连华信计算机技术股份有限公司";"0.8-1.5万/月";"18"
485;"Python高级研发工程师";"西安智推网络科技有限公司";"1-1.5万/月";"54"
486;"Python开发工程师";"西安市城市规划信息中心";"4-6千/月";"88"
487;"python讲师/培训师+高薪+六险一金";"陕西巨人商务信息咨询有限公司";"1-1.5万/月";"36"
488;"Python开发工程师";"上海指旺信息科技有限公司西安分公司";"0.6-1.6万/月";"97"
489;"Python/Golang高级开发工程师";"陕西巨子生物技术有限公司";"0.6-1.2万/月";"67"
490;"Python研发工程师-西安-00693";"卫宁健康科技集团股份有限公司";"1-1.4万/月";"64"
491;"Python高级软件工程师";"北京优诺信创科技有限公司";"0.8-1.5万/月";"42"
492;"Python开发助理+双休";"陕西金晟网络科技有限公司";"4.5-6千/月";"122"
493;"Python开发工程师";"上海云首信息科技有限公司";"1.5-2万/月";"78"
494;"Python开发工程师";"西安智园软件开发管理有限公司";"1-1.5万/月";"59"
495;"Python开发工程师";"西安道恩网络科技有限公司";"7-9千/月";"135"
496;"python开发工程师（西安）";"中电长城网际系统应用有限公司";"0.8-1万/月";"146"
497;"Python开发工程师";"北京华软金科信息技术有限公司";"1-1.5万/月";"85"
498;"中级Python开发工程师";"江苏润和软件股份有限公司";"0.7-1.3万/月";"85"
499;"Python开发助理/实习生   双休";"西安卓睿信息技术有限公司";"4.5-6千/月";"201"
500;"Python开发工程师";"陕西晟运通科技有限公司";"0.6-1.5万/月";"145"
501;"Python高级开发工程师";"小马股份有限公司西安分公司";"0.5-2.5万/月";"49"
502;"Python开发工程师";"西安唐远信息科技有限公司";"0.5-1万/月";"104"
503;"Python高级开发工程师";"陕西维纳传媒股份有限公司";"0.6-1.2万/月";"101"
504;"Python开发工程师";"陕西星邑空间技术有限公司";"1-1.5万/月";"107"
505;"云计算Python开发工程师";"上海思华科技股份有限公司";"0.8-1.2万/月";"82"
506;"Python开发实习生";"陕西养正文化发展有限公司";"4.5-6千/月";"138"
507;"python讲师+六险一金";"西安中软卓越信息技术有限公司";"0.8-1万/月";"70"
508;"资深软件开发工程师(Python)";"上海剑桥科技股份有限公司";"1.5-2.8万/月";"44"
509;"python资深开发工程师";"陕西速橘丰信息科技有限公司";"1-1.5万/月";"72"
510;"IT培训讲师（Python）";"北京中公教育科技股份有限公司";"1-1.5万/月";"33"
511;"Python高级开发工程师";"维视科技（西安）有限公司";"1.2-1.8万/月";"25"
512;"数据分析师";"西安图迹信息科技有限公司";"0.8-1万/月";"52"
513;"Python开发工程师";"西安云雀软件有限公司";"0.5-1.4万/月";"70"
514;"Python开发工程师";"西安优逸客网络科技有限公司";"0.6-1万/月";"137"
515;"Python开发工程师";"杭州世平信息科技有限公司";"7-9千/月";"139"
516;"python开发";"中软国际科技服务有限公司";"0.8-1.5万/月";"82"
517;"Python开发工程师";"中软国际科技服务有限公司";"0.8-1万/月";"62"
518;"python开发";"中软国际科技服务有限公司";"0.8-1.5万/月";"82"
519;"Python开发工程师";"西安道恩网络科技有限公司";"7-9千/月";"135"
520;"系统运维工程师";"西安兴汇电力科技有限公司";"6-8千/月";"61"
521;"深度学习算法工程师";"西安中科光电精密工程有限公司";"15-20万/年";"74"
522;"高级运维工程师";"中国电信集团系统集成有限责任公司西安区域中心";"0.7-1万/月";"31"
523;"人工智能开发工程师可定岗实习";"陕西众信超达科技有限公司";"4.5-6千/月";"43"
524;"Java高级开发工程师";"西安绅聚智芯电子科技有限公司";"1-1.5万/月";"37"
525;"软件技术总监";"北京中科戎大科技股份有限公司";"1.5-2.5万/月";"21"
526;"Java开发工程师(武汉）";"陕西九鼎通信技术有限公司";"0.8-1.6万/月";"22"
527;"高级算法工程师";"北京中航讯科技股份有限公司";"2-3万/月";"26"
528;"体验运营专家(J180813013)";"滴滴出行";"1.5-2万/月";"65"
529;"Python爬虫工程师";"红上至信商务信息咨询（上海）有限公司";" ";"55"
530;"python研发工程师";"绿盟科技";"0.8-1万/月";"128"
531;"Python开发工程师";"上海指旺信息科技有限公司西安分公司";"0.6-1.6万/月";"97"
532;"Python研发工程师-西安-00693";"卫宁健康科技集团股份有限公司";"1-1.4万/月";"64"
533;"Python测试实习生（西安）-NTI";"绿盟科技";"2-4千/月";"47"
534;"全栈研发工程师(J11231)";"绿盟科技";" ";"11"
535;"DevOps-开发运维岗";"陕西长银消费金融有限公司";" ";"3"
536;"代码审计工程师（西安）-西北服务交付部";"绿盟科技";" ";"7"
537;"代码审计工程师（西安）-西北服务交付部";"绿盟科技";" ";"7"
538;"首席架构师";"酷渲（北京）科技有限公司";" ";"26"
539;"云计算产品经理";"西安奥卡云数据科技有限公司";"1.5-2万/月";"36"
540;"存储产品经理";"西安奥卡云数据科技有限公司";"1.5-2万/月";"16"
541;"首席软件工程师";"西安奥卡云数据科技有限公司";"3-4万/月";"21"
542;"DevOps工程师";"西安奥卡云数据科技有限公司";"1.5-2万/月";"15"
543;"云计算产品经理";"西安奥卡云数据科技有限公司";"2-2.5万/月";"39"
544;"Java开发工程师——PaaS平台";"西安华信智慧数字科技有限公司";"1-1.5万/月";"44"
545;"5G工程生产力高级工程师";"中兴通讯股份有限公司";"1-1.5万/月";"20"
546;"5G工程生产力高级工程师";"中兴通讯股份有限公司";"1-1.5万/月";"21"
547;"嵌入式系统工程师（初级）";"西安中科创星科技孵化器有限公司";"0.8-1.2万/月";"15"
548;"嵌入式系统工程师（高级）";"西安中科创星科技孵化器有限公司";"1.5-2.5万/月";"21"
549;"云平台技术支持工程师";"研华（中国）有限公司";"6-8千/月";"58"
550;"软件工程师（通信传输设备）";"烽火通信科技股份有限公司";"15-23万/年";"46"
551;"测试工程师";"红上至信商务信息咨询（上海）有限公司";" ";"35"
552;"自动化测试工程师";"北京军地联合信息技术研究发展中心（有限合伙）";"6-8千/月";"43"
553;"测试工程师";"销售易";"1-1.5万/月";"185"
554;"软件测试工程师(前端类A)";"浙江宇视科技有限公司";"0.6-1万/月";"182"
555;"软件测试工程师(通用IPC)";"浙江宇视科技有限公司";"0.8-1万/月";"165"
556;"软件测试工程师(海外与分销)";"浙江宇视科技有限公司";"0.6-1.2万/月";"87"
557;"自动化开发与测试(测试中心)";"浙江宇视科技有限公司";"0.5-1万/月";"36"
558;"软件测试工程师(测试中心)";"浙江宇视科技有限公司";"0.6-1.2万/月";"89"
559;"软件测试工程师(智能交通)";"浙江宇视科技有限公司";"0.5-1.2万/月";"105"
560;"软件测试工程师(算法类)";"浙江宇视科技有限公司";"0.6-1万/月";"107"
561;"前端开发";"西安逆袭网络科技有限公司";" ";"14"
562;"软件工程师-Java开发HXY";"北京四维图新科技股份有限公司";" ";"74"
563;"Java开发工程师";"西安琥珀软件有限责任公司";" ";"37"
564;"软硬件系统工程师";"上海兆芯集成电路有限公司";" ";"11"
565;"系统运维工程师";"北京神州商通网络科技有限公司";"0.5-1万/月";"50"
566;"系统运维工程师";"上海泰然投资控股有限公司";"1-2万/月";"72"
567;"中级运维工程师";"陕西丝绸之路收藏品交易中心股份有限公司";"3-8千/月";"39"
568;"DevOps开发运维工程师";"西安华信智慧数字科技有限公司";"1-1.5万/月";"32"
569;"DevOps-软件运维岗";"陕西长银消费金融有限公司";" ";"14"
570;"嵌入式软件工程师";"西安慧晶智能科技有限公司";"0.6-1.5万/月";"33"
571;"软件实施工程师";"西安国际医学中心有限公司";"3-6千/月";"59"
572;"高级运维开发工程师 -Sr DevOps";"Thoughtworks";"1.3-2.6万/月";"23"
573;"运维工程师";"陕旅集团骏途旅游网";"0.4-1万/月";"61"
574;"2019校园招聘-项目支持工程师";"深圳市茁壮网络股份有限公司";"8-10万/年";"25"
575;"渲染师";"西咸新区秦汉新城新丝路数字文化科技有限公司";"4-7千/月";"14"
576;"Java开发工程师";"陕西智诚合创科技股份有限公司";"4-6千/月";"114"
577;"组件验证工程师";"矽昆微电子（上海）有限公司";"0.8-1.5万/月";"42"
578;"JAVA开发工程师-西安";"北京华晨阳通信技术有限责任公司";"4-8千/月";"249"
579;"高级算法工程师（硅谷技术）";"西安咏圣达电子科技有限公司";"1-1.5万/月";"28"
580;"运维工程师";"西安九索数据技术股份有限公司";"0.5-1万/月";"54"
581;"网络信息安全工程师";"陕西智汇堂文化信息科技有限公司";"1.5-2万/月";"15"
582;"云平台开发工程师";"研华（中国）有限公司";"6-8千/月";"20"
583;"高级安卓(Android)开发工程师";"西安腾营信息科技有限公司";"0.9-1.2万/月";"41"
584;"服务器存储工程师（西安）(J10173)";"北京奕斯伟科技有限公司";"1-2万/月";"34"
585;"招聘经理";"苏州浩辰软件股份有限公司西安分公司";"0.6-1.2万/月";"71"
586;"测试工程师";"红上至信商务信息咨询（上海）有限公司";" ";"77"
587;"高级自动化测试";"广联达科技股份有限公司";" ";"18"
588;"相机评价测试工程师（西安）";"深圳市大疆创新科技有限公司";" ";"34"
589;"Python讲师";"陕西云谷教育科技有限公司";" ";"35"
590;"软件测试工程师";"西安冠群信息技术有限公司";"0.7-1.1万/月";"331"
591;"手机系统测试";"北京湛腾世纪科技有限公司";"6-8千/月";"71"
592;"大数据测试工程师";"深圳中兴力维技术有限公司";"1-2万/月";"100"
593;"私有云高级测试工程师";"西安奥卡云数据科技有限公司";"1-1.5万/月";"82"
594;"后台测试工程师";"广州小鹏汽车科技有限公司";"1-2万/月";"53"
595;"高级测试工程师";"销售易";"1.5-2万/月";"74"
596;"软件测试实习生";"龙尚科技（上海）有限公司";"2-3千/月";"56"
597;"5G调度器高级软件测试工程师";"中兴通讯股份有限公司";"1-1.5万/月";"204"
598;"软件测试工程师";"西安笃定信息技术有限公司";"3.5-8千/月";"209"
599;"高级测试工程师";"南京绛门信息科技股份有限公司";"0.8-1万/月";"128"
600;"测试工程师(测试中心)";"浙江宇视科技有限公司";"0.6-1.2万/月";"31"
601;"测试工程师";"陕西北斗金控信息服务有限公司";"0.6-1万/月";"166"
602;"软件开发软件测试工程师";"沈阳亚诗达科技有限公司";"0.6-1万/月";"239"
603;"高级测试工程师";"深圳光启空间技术有限公司";"1-1.5万/月";"154"
604;"自动化测试工程师";"上海指旺信息科技有限公司西安分公司";"0.8-1.5万/月";"63"
605;"00037-测试工程师（政企事业中心）";"上海趣医网络技术服务有限公司";"0.8-1万/月";"99"
606;"软件测试工程师";"威发（西安）软件有限公司";"5-9千/月";"295"
607;"自动化测试组长Automation Test Leader";"西安泰为软件有限公司";"1.5-2万/月";"53"
608;"Python高级软件工程师";"北京优诺信创科技有限公司";"0.8-1.5万/月";"42"
609;"00076-软件测试工程师";"上海京颐科技股份有限公司";"0.6-1万/月";"211"
610;"渗透测试工程师";"西安交大捷普网络科技有限公司";"0.6-1万/月";"28"
611;"软件测试工程师（通信传输设备）";"烽火通信科技股份有限公司";"15-20万/年";"221"
612;"系统集成测试工程师";"西安兴汇电力科技有限公司";"0.6-1.5万/月";"209"
613;"00079-软件测试工程师";"上海京颐科技股份有限公司";"0.6-1万/月";"151"
614;"Advisory - Risk-Risk Transformation-Senior";"EY安永";" ";"14"
615;"软件测试工程师";"陕西译喵网络科技有限公司";"4-8千/月";"216"
616;"Python开发工程师";"东方网力科技股份有限公司";"1-2万/月";"122"
617;"PHP软件工程师";"西安英兆软件信息有限责任公司";"4-6千/月";"53"
618;"大数据工程师";"北京先进数通信息技术股份公司";"4-9千/月";"26"
619;"初级软件质量工程师";"西安奥卡云数据科技有限公司";"0.8-1万/月";"58"
620;"高级质量工程师";"西安奥卡云数据科技有限公司";"1.5-2万/月";"44"
621;"高级质量保障工程师";"西安奥卡云数据科技有限公司";"2-2.5万/月";"35"
622;"初级web全栈工程师";"西安奥卡云数据科技有限公司";"0.8-1万/月";"18"
623;"软件测试工程师";"深圳市广和通无线股份有限公司";"0.7-1.4万/月";"316"
624;"算法工程师";"北京华洋宏软件开发有限责任公司";"1-2万/月";"16"
625;"中级算法工程师";"北京华洋宏软件开发有限责任公司";"1-2万/月";"29"
626;"MES应用软件开发工程师";"和利时集团--西安和利时";"0.9-1.5万/月";"31"
627;"大数据开发工程师";"陕西运璟网络科技有限公司";"1.5-2万/月";"34"
628;"大数据开发工程师-西安";"北京小鱼易连科技有限公司";"1-2万/月";"37"
629;"结构仿真咨询专家--西安";"安世亚太科技股份有限公司";"0.8-1.5万/月";"32"
630;"高级运维工程师";"北京北信源软件股份有限公司";"1-1.4万/月";"98"
631;"安全服务顾问（西安）(J11493)";"绿盟科技";"0.8-1.5万/月";"20"
632;"项目经理";"上海云首信息科技有限公司";"1.5-2.5万/月";"81"
633;"高级存储研发工程师";"西安奥卡云数据科技有限公司";"3-4万/月";"17"
634;"存储产品经理";"西安奥卡云数据科技有限公司";"2-2.5万/月";"13"
635;"大数据开发工程师(000669)";"东方网力科技股份有限公司";"1-1.8万/月";"21"
636;"DevOps";"上海云首信息科技有限公司";"1.2-1.6万/月";"17"
637;"Senior QA 高级测试工程师 （工作地点：上海）";"花旗金融信息服务（中国）有限公司Citigroup Services and Technology (China) Limited.";" ";"9"
638;"Java开发工程师";"西安缤纷鸟少儿美术培训中心";"0.5-1万/月";"94"
639;"Developer - SAP HaaS - HANA as a service";"思爱普（中国）有限公司";"10-15万/年";"22"
640;"Senior Developer - SAP HaaS-HANA as a service";"思爱普（中国）有限公司";"15-20万/年";"24"
641;"Cloud DevOps Engineer for the SAP Big Data Team";"思爱普（中国）有限公司";" ";"28"
642;"嵌入式开发高级工程师";"西安思菲特信息科技有限公司";"0.8-1.2万/月";"33"
643;"Software Engineer(Machine Learning)";"西安三星电子研究有限公司";"1-2万/月";"79"
644;"实习生—深度学习方向";"杭州英歌智达科技有限公司";"2.5-5千/月";"33"
645;"大数据开发工程师";"万达信息股份有限公司";"1.5-2万/月";"18"
646;"中级软件工程师";"江苏锐天信息科技有限公司西安分公司";"0.8-1.2万/月";"19"
647;"大数据高级工程师";"蜀海（北京）供应链管理有限责任公司";"1-1.5万/月";"26"
648;"算法高级工程师";"蜀海（北京）供应链管理有限责任公司";"1-2万/月";"43"
649;"（某500强知名企业）Devops架构师";"西安瀚特人力资源有限公司";"2.5-3万/月";"38"
650;"java高级软件工程师";"北京军地联合信息技术研究发展中心（有限合伙）";"0.8-1万/月";"49"
651;"java中级软件工程师";"北京军地联合信息技术研究发展中心（有限合伙）";"1-1.5万/月";"109"
652;"前端开发人员（西安）";"中电长城网际系统应用有限公司";"0.8-1万/月";"53"
653;"软件测试工程师（西安）";"中电长城网际系统应用有限公司";"0.8-1万/月";"459"
654;"㊣㊣ 跨界 人事主管/招聘专员";"小马股份有限公司西安分公司";"0.5-2.5万/月";"11"
655;"㊣㊣ 跨界 人事主管/招聘专员";"小马股份有限公司西安分公司";"0.5-2.5万/月";"29"
656;"㊣㊣ 跨界 人事主管/招聘专员";"小马股份有限公司西安分公司";"0.5-2.5万/月";"8"
657;"跨界 人事主管/招聘专员";"小马股份有限公司西安分公司";"0.5-2.5万/月";"15"
658;"㊣㊣ 跨界 人事主管/招聘专员";"小马股份有限公司西安分公司";"0.5-2.5万/月";"11"
659;"㊣㊣ 跨界 人事主管/招聘专员";"小马股份有限公司西安分公司";"0.5-2.5万/月";"13"
660;"㊣㊣ 跨界 人事主管/招聘专员";"小马股份有限公司西安分公司";"0.5-2.5万/月";"29"
661;"㊣㊣㊣ 服务器安全工程师 ㊣㊣㊣";"小马股份有限公司西安分公司";"0.5-2.5万/月";"18"
662;"㊣㊣㊣ 服务器运维工程师 ㊣㊣㊣";"小马股份有限公司西安分公司";"0.5-2.5万/月";"20"
663;"服务器运维工程师";"小马股份有限公司西安分公司";"0.5-2.5万/月";"48"
664;"服务器安全工程师";"小马股份有限公司西安分公司";"0.5-2.5万/月";"26"
665;"高级系统运维工程师";"中科金审（北京）科技有限公司";"0.7-1.2万/月";"69"
666;"Sr. Java  (Map & GIS)";"西安泰为软件有限公司";"1-1.5万/月";"17"
667;"Build & Release Engineer";"西安泰为软件有限公司";"1.5-2万/月";"10"
668;"SAAS产品经理";"西安因联信息科技有限公司";"1.5-2.5万/月";"18"
669;"大数据算法工程师";"西安易流物联科技有限公司";"1-2万/月";"32"
670;"QA/ 软件测试（功能+自动化）";"西安活跃网络有限公司";"0.9-1.3万/月";"328"
671;"急聘Big Data Lead Engineer";"西安思科特软件有限公司";"2.5-3万/月";"16"
672;"Senior Data Scientist / Machine Engineer";"西安思科特软件有限公司";"1-5万/月";"11"
673;"Data science engineer";"西安思科特软件有限公司";"1-5万/月";"10"
674;"急聘Bigdata Machine learning engineer";"西安思科特软件有限公司";"1-2万/月";"17"
675;"Project Lead";"西安思科特软件有限公司";"1-2万/月";"12"
676;"识别算法工程师";"西安鼎力信息技术有限责任公司";"0.7-1.2万/月";"26"
677;"性能测试工程师";"西安恒谦教育科技股份有限公司";"4.5-6千/月";"33"
678;"算法工程师";"华扬联众数字技术股份有限公司";"1.5-3.5万/月";"57"
679;"软件测试工程师";"郑州信大捷安信息技术股份有限公司";"4-8千/月";"165"
680;"Java开发工程师";"酷渲（北京）科技有限公司";"0.8-1.5万/月";"183"
681;"Software Engineer /软件工程师_DC";"博世力士乐（西安）电子传动与控制有限公司";" ";"32"
682;"软件测试工程师";"西安北科维拓科技有限公司";"7-8千/月";"342"
683;"C/C++开发工程师";"西安栎安科技有限公司";"0.5-1.5万/月";"59"
684;"IT Cloud Solution Architect";"Ericsson (China) Communications Co.LTD 爱立信（中国）通信有限公司";" ";"51"
685;"大数据架构师";"新华三技术有限公司";"1.5-3万/月";"21"
686;"阿里云事业群-云业务架构师-西安区域";"阿里巴巴集团";" ";"31"
687;"软件测试工程师";"瑞斯康达科技发展股份有限公司";"6-8千/月";"347"
688;"后台网站工程师";"瑞斯康达科技发展股份有限公司";"6-8千/月";"38"
689;"测试工程师";"南京烽火星空通信发展有限公司";"6-8千/月";"180"
690;"Java开发工程师";"东华软件股份公司";"0.8-1.4万/月";"21"
691;"大数据开发工程师";"东华软件股份公司";"0.8-1.4万/月";"23"
692;"运维实施工程师";"东华软件股份公司";" ";"31"
693;"Java开发工程师";"东华软件股份公司";"0.8-1.4万/月";"33"
694;"图像算法工程师";"西安盈谷网络科技有限公司";"0.6-1.2万/月";"41"
695;"深度学习工程师";"西安盈谷网络科技有限公司";"0.6-1.2万/月";"34"
696;"数据挖掘工程师";"西安盈谷网络科技有限公司";"0.7-1.4万/月";"24"
697;"DBA 数据库工程师";"西安盈谷网络科技有限公司";"0.7-1.4万/月";"33"
698;"Hadoop开发工程师";"西安盈谷网络科技有限公司";"0.7-1.4万/月";"22"
699;"软件测试工程师（西安）";"深圳市有方科技股份有限公司";"0.8-1.2万/月";"293"
700;"高级软件测试工程师（西安）";"深圳市有方科技股份有限公司";"0.8-1.2万/月";"186"
701;"软件测试工程师";"深圳市理邦精密仪器股份有限公司";"0.7-1万/月";"195"
702;"数据分析员";"西安亚购信息科技有限公司";"4-8千/月";"31"
703;"运维工程师";"西安亚购信息科技有限公司";"5-8千/月";"80"
704;"IT技术支持";"西安亚购信息科技有限公司";"3-5千/月";"43"
705;"大数据开发组长";"西安亚购信息科技有限公司";"1.5-2万/月";"31"
706;"C++中级软件工程师";"江苏锐天信息科技有限公司西安分公司";"0.8-1.1万/月";"19"
707;"C++高级软件工程师";"江苏锐天信息科技有限公司西安分公司";"1.2-1.6万/月";"41"
708;"A311-1WE前端开发";"西安卓睿信息技术有限公司";"4.5-6千/月";"18"
709;"Web前端开发工程师";"西安卓睿信息技术有限公司";"4.5-6千/月";"106"
710;"（某500强知名企业）三维重建算法工程师";"西安瀚特人力资源有限公司";"2-2.5万/月";"20"
711;"（某500强知名企业）立体视觉算法工程师";"西安瀚特人力资源有限公司";"2-2.5万/月";"16"
712;"（某500强知名企业）软件配置管理SCM";"西安瀚特人力资源有限公司";"1-1.5万/月";"9"
713;"（某500强知名企业）Docker高级开发工程师";"西安瀚特人力资源有限公司";"1-1.5万/月";"17"
714;"（某500强知名企业）大数据运维工程师";"西安瀚特人力资源有限公司";"1-1.5万/月";"27"
715;"（某500强知名企业）云业务架构师";"西安瀚特人力资源有限公司";"1.5-2万/月";"25"
716;"Web开发工程师（西安）";"绿盟科技";"0.8-1.5万/月";"35"
717;"资深软件研发工程师（西安）";"绿盟科技";"1-1.5万/月";"28"
718;"Linux中级软件工程师";"深圳市德卡科技股份有限公司";"0.6-1万/月";"17"
719;"Linux高级软件工程师";"深圳市德卡科技股份有限公司";"1-1.5万/月";"27"
720;"嵌入式初级开发工程师（C语言）";"深圳市德卡科技股份有限公司";"4-6千/月";"34"
721;"WEB测试工程师";"上海数果科技有限公司";"0.5-1万/月";"61"
722;"大数据开关工程师";"深圳市讯方技术股份有限公司";"1-1.5万/月";"63"
723;"测试工程师";"上海思华科技股份有限公司";"0.8-1.2万/月";"162"
724;"Docker开发工程师";"上海思华科技股份有限公司";"1-1.5万/月";"12"
725;"产品经理";"上海思华科技股份有限公司";"1-2万/月";"38"
726;"SDN开发工程师";"上海思华科技股份有限公司";"1-1.5万/月";"13"
727;"监控运维开发工程师";"上海思华科技股份有限公司";"1.5-2万/月";"29"
728;"存储工程师";"上海凯翔信息科技有限公司";"1-1.5万/月";"19"
729;"云计算现场实施工程师";"上海思华科技股份有限公司";"0.6-1.2万/月";"31"
730;"TPCE-Test Engineer(BURN)";"美光半导体（西安）有限责任公司";" ";"22"
731;"TPCE-Test Engineer(Module)";"美光半导体（西安）有限责任公司";"1-1.5万/月";"26"
732;"TPCE-Test Engineer(system level test)";"美光半导体（西安）有限责任公司";" ";"46"
733;"java开发（人工智能大数据方向）接受0基础";"陕西养正文化发展有限公司";"3-4.5千/月";"37"
734;"大数据开发实习生";"陕西养正文化发展有限公司";"4.5-6千/月";"61"
735;"Web前端开发工程师";"西安道恩网络科技有限公司";"0.7-1.4万/月";"54"
736;"项目实施（实习生）";"西安翼展电子科技有限公司";"100元/天";"58"
737;"算法工程师（数据清洗方向）";"紫光陕数大数据有限公司";"0.8-1.2万/月";"24"
738;"算法工程师（机器学习方向）";"紫光陕数大数据有限公司";"1-1.5万/月";"47"
739;"高级nodeJs工程师";"陕西维纳传媒股份有限公司";"0.8-1.5万/月";"11"
740;"高级PHP工程师";"陕西维纳传媒股份有限公司";"0.8-1.5万/月";"24"
741;"Web前端工程师";"陕西维纳传媒股份有限公司";"0.6-1万/月";"45"
742;"软件测试工程师";"三星数据系统（西安）有限公司";"0.7-1万/月";"282"
743;"大数据算法工程师";"深圳市易流科技股份有限公司";"1.5-2.5万/月";"47"
744;"Senior Verification Engineer/高级芯片验证工程师";"顺卓微电子（西安）有限公司";"2-3万/月";"24"
745;"中级测试工程师";"北京华软金科信息技术有限公司";"0.8-1万/月";"22"
746;"Java高级开发工程师";"北京华软金科信息技术有限公司";"1-1.5万/月";"15"
747;"Java开发工程师";"北京华软金科信息技术有限公司";"0.8-1万/月";"30"
748;"自动化测试工程师";"北京华软金科信息技术有限公司";"0.8-1万/月";"56"
749;"中级测试工程师（总账数据方向）";"北京华软金科信息技术有限公司";"0.8-1万/月";"81"
750;"二进制研究员";"西安中科创星科技孵化器有限公司";"1.5-2万/月";"15"
751;"C++编程讲师";"上海傲梦网络科技有限公司";"400元/天";"19"
752;"C语言老师";"上海傲梦网络科技有限公司";"6-8千/月";"16"
753;"Linux c开发工程师";"江苏润和软件股份有限公司";"1-1.5万/月";"49"
754;"运维工程师";"陕西星邑空间技术有限公司";"1-1.5万/月";"78"
755;"大数据开发工程师";"杭州世平信息科技有限公司";"0.8-1.5万/月";"48"
756;"C++开发工程师";"杭州世平信息科技有限公司";"0.7-1.4万/月";"48"
757;"大数据工程师（业务方向）";"陕西晟运通科技有限公司";"1.5-2.5万/月";"18"
758;"大数据工程师（平台方向）";"陕西晟运通科技有限公司";"1.5-2.5万/月";"46"
759;"高级PHP开发工程师";"陕西晟运通科技有限公司";"1.5-2.5万/月";"26"
760;"Unity3D开发工程师";"西安灵境科技有限公司";"0.6-1.2万/月";"43"
761;"RD-数据标记实习生";"TCL集团工业研究院";"100元/天";"40"
762;"初级存储研发工程师";"次元境界科技（北京）有限公司";"10-15万/年";"19"
763;"算法工程师";"广州亿程交通信息集团有限公司";"0.8-1.6万/月";"37"
764;"测试经理";"酷渲（北京）科技有限公司";"0.8-1.2万/月";"31"
765;"WEB前端开发+双休+五险一金+应届生";"西安达文信息技术有限公司";"4-6千/月";"88"
766;"Web前端设计师";"陕西九鼎通信技术有限公司";"0.8-1万/月";"32"
767;"立体视觉算法工程师-XA";"深圳奥比中光科技有限公司";"1.5-3万/月";"13"
768;"Software engineer";"苏州联讯仪器有限公司";"0.6-1万/月";"38"
769;"C/C++高级开发工程师";"西安三茗科技股份有限公司";"0.8-1.5万/月";"51"
770;"网络安全培训讲师";"奇虎360科技有限公司";"1.5-2万/月";"63"
771;"大数据解决方案开发工程师";"奇虎360科技有限公司";" ";"43"
772;"SAAS产品经理";"西安因联信息科技有限公司";"1.5-2.5万/月";"25"
773;"软件测试工程师（高级）";"西安图迹信息科技有限公司";"0.8-1万/月";"244"
774;"中级软件运维人员";"三门峡崤云信息服务股份有限公司";"4-8千/月";"11"
775;"高级云平台运维工程师";"三门峡崤云信息服务股份有限公司";"0.8-1.5万/月";"14"
776;"中级软件运维人员";"三门峡崤云信息服务股份有限公司";"0.8-1.5万/月";"14"
777;"Python开发工程师（实习生）";"陕西速橘丰信息科技有限公司";"4.5-6千/月";"115"
778;"Hadoop开发工程师";"西安环太科技发展有限公司";"5-8千/月";"15"
779;"高级测试工程师";"深圳市广和通无线股份有限公司";"0.7-1.4万/月";"119"
780;"系统运维工程师(000974)";"启迪国信科技有限公司";"1-1.5万/月";"93"
781;"软件工程师（校园招聘）";"陕西亚成微电子股份有限公司";"0.8-1万/月";"74"
782;"大数据开发工程师";"北京华洋宏软件开发有限责任公司";"1-2万/月";"30"
783;"精密测量算法工程师";"西安知象光电科技有限公司";"1-1.5万/月";"28"
784;"中高级Java开发工程师（西安）dqz";"北京思路创新科技有限公司";"0.8-1.5万/月";"161"
785;"自动化测试工程师";"和利时集团--西安和利时";"1-1.3万/月";"154"
786;"产品技术研发总监";"上海汉得信息技术股份有限公司";"1.6-2.1万/月";"50"
787;"PHP高级开发工程师";"陕西远洋科技实业有限责任公司";"0.8-1万/月";"16"
788;"新东方X创造力学院代码编程老师";"西安新东方学校";"5-8千/月";"30"
789;"全栈工程师";"北京时代一峰信息技术有限公司";"0.8-1.5万/月";"26"
790;"高级测试工程师-西安-14007";"优信集团";"11-20万/年";"116"
791;"技术构架师   兼项目经理";"旅拍通科技有限公司";"0.8-1万/月";"15"
792;"爬虫开发工程师";"陕西运璟网络科技有限公司";"1-1.5万/月";"54"
793;"软件工程师";"西安铂力特增材技术股份有限公司";"1-1.5万/月";"28"
794;"大数据开发工程师";"山西科泰航天防务技术股份有限公司";"1-1.5万/月";"37"
795;"Docker工程师";"西安中服软件有限公司";"1-1.5万/月";"20"
796;"大数据分析实习生";"上海阅维信息科技有限公司";"3-4.5千/月";"78"
797;"高级Java工程师-西安";"北京小鱼易连科技有限公司";"1-2万/月";"96"
798;"流体咨询专家--西安";"安世亚太科技股份有限公司";"0.8-1.5万/月";"30"
799;"大数据架构师";"北京思特奇信息技术股份有限公司";"2-2.5万/月";"35"
800;"云方向业务部门_大数据高级工程师";"北京思特奇信息技术股份有限公司陕西分公司";"1-1.5万/月";"16"
801;"DevOps Engineer";"印孚瑟斯技术（中国）有限公司";"1-1.5万/月";"10"
802;"手机自动化测试工程师";"宁波普天通信技术有限公司";"4-7千/月";"45"
803;"PHP开发工程师";"北京鲸鹳科技有限公司陕西分公司";"0.8-1.5万/月";"45"
804;"Linux运维开发工程师";"大连华信计算机技术股份有限公司";"0.8-1.6万/月";"34"
805;"高级web全栈工程师";"西安奥卡云数据科技有限公司";"2.5-3万/月";"33"
806;"C++/C#中级开发工程师";"北京兰光创新科技有限公司";"1-1.5万/月";"50"
807;"DBA(001894)";"东方网力科技股份有限公司";"1-1.5万/月";"31"
808;"Web前端开发工程师";"西安可视可觉网络科技有限公司";"0.8-1万/月";"97"
809;"软件工程师";"西安伟伦实业发展有限公司";"0.8-1.2万/月";"22"
810;"大数据算法工程师";"西安思坦仪器股份有限公司";"0.8-1.5万/月";"29"
811;"Sr. QA 高级测试工程师  （工作地点：上海）";"花旗金融信息服务（中国）有限公司Citigroup Services and Technology (China) Limited.";" ";"18"
812;"高级C++/软件开发工程师";"陕西恒通智能机器有限公司";"1-2万/月";"45"
813;"Developer Associate";"思爱普（中国）有限公司";"1.5千以下/月";"11"
814;"嵌入式开发高级工程师";"西安思菲特信息科技有限公司";"0.8-1.2万/月";"31"
815;"软件测试工程师";"西安三星电子研究有限公司";"0.8-1.5万/月";"427"
816;"高级运维工程师";"西安缤纷鸟少儿美术培训中心";"0.5-1万/月";"28"
817;"视频/图像算法工程师（天益太赫兹）";"西安天和防务技术股份有限公司";"1-1.5万/月";"64"
818;"算法工程师";"杭州英歌智达科技有限公司";"1-2.5万/月";"21"
819;"人工智能工程师";"北京中电普华信息技术有限公司";"1-1.5万/月";"29"
820;"大数据开发工程师";"青海宝讯溯源网络科技有限公司西安分公司";"6-8千/月";"34"
821;"软件测试工程师";"甘肃上航电力运维有限公司";"6-8千/月";"431"
822;"高级测试工程师";"陕西恒东网络科技有限责任公司";"4-8千/月";"75"
823;"大数据开发工程师";"万达信息股份有限公司";"1.5-2万/月";"41"
824;"前端与移动开发   讲师(J11079)";"传智播客教育集团西安分校";"1.5-1.7万/月";"46"
825;"大数据运维工程师";"珠海网博信息科技股份有限公司";"1.5-2万/月";"43"
826;"AI高级工程师";"蜀海（北京）供应链管理有限责任公司";"1-2万/月";"27"
827;"大数据JAVA开发工程师";"通联商务服务有限公司";"1-1.5万/月";"135"
828;"Web后端工程师";"深圳市中易腾达科技股份有限公司";"0.8-1万/月";"57"
829;"Linux运维开发工程师";"西安华信智慧数字科技有限公司";"0.8-1.6万/月";"54"
830;"测试工程师";"中科金审（北京）科技有限公司";"0.8-1.3万/月";"206"
831;"Sr. C++  (Navigation, Map)";"西安泰为软件有限公司";"1-1.5万/月";"29"
832;"资深BI工程师";"上海哥瑞利软件有限公司";"0.8-1.5万/月";"22"
833;"后端研发工程师";"西安速度时空大数据科技有限公司";"1-1.5万/月";"45"
834;"数据建模师";"西安盈通思科软件科技有限公司";"1.5-2万/月";"39"
835;"软件测试工程师";"西安易流物联科技有限公司";"0.5-1万/月";"376"
836;"机器视觉工程师";"陕西锦图企业管理咨询有限责任公司";"20-30万/年";"31"
837;"Sr. Security Engineer / 高级网络安全工程师";"西安活跃网络有限公司";"2.5-3万/月";"23"
838;"全栈开发工程师";"西安思科特软件有限公司";"1-1.5万/月";"21"
839;"算法工程师";"上海艾飞能源科技有限公司";"0.6-1.2万/月";"36"
840;"C++高级开发工程师";"中兴网鲲信息科技（上海）有限公司";"0.8-1.5万/月";"44"
841;"人工智能工程师";"天图软件科技有限公司";"1-2万/月";"31"
842;"高级软件工程师";"西安鼎力信息技术有限责任公司";"0.7-1万/月";"13"
843;"C/C++高级开发工程师";"北京北信源软件股份有限公司";"0.8-1万/月";"25"
844;"PHP开发工程师";"陕西无线星空教育科技有限公司";"3-5千/月";"39"
845;"ROS教育研发专员";"西安乐博士机器人有限公司";"4-6千/月";"25"
846;"生产测试开发工程师（西安）";"华勤通讯技术有限公司";"0.8-1.2万/月";"190"
847;"自动化测试工程师";"西安恒谦教育科技股份有限公司";"4.5-6千/月";"46"
848;"数据工程师";"华扬联众数字技术股份有限公司";"1-2万/月";"45"
849;"数据分析工程师";"陕西君瀚信息技术有限公司";"6-8千/月";"64"
850;"少儿编程老师";"西安童程童创教育科技有限公司";"0.6-1万/月";"25"
851;"网络产品测试工程师";"郑州信大捷安信息技术股份有限公司";"6-8千/月";"53"
852;"云业务架构师";"西安诺嘉信息科技有限公司";"2.5-3万/月";"36"
853;"大数据工程师";"南京嘉环科技有限公司";"0.8-2万/月";"23"
854;"Senior software Engineer/高级软件工程师_DC";"博世力士乐（西安）电子传动与控制有限公司";" ";"36"
855;"高级测试工程师";"西安北科维拓科技有限公司";"0.8-1万/月";"166"
856;"嵌入式软件工程师";"新港海岸（北京）科技有限公司";"0.8-2万/月";"83"
857;"Linux C/C++ 高级软件工程师";"格尔软件股份有限公司";"1-1.5万/月";"75"
858;"大数据开发工程师";"陕西新华出版传媒集团数字出版基地发展有限公司";"0.6-1.2万/月";"43"
859;"大数据算法工程师(战略业务)";"北京超图软件股份有限公司";"1-1.5万/月";"26"
860;"软件测试";"西安三好软件技术股份有限公司";"3-5千/月";"243"
861;"测试工程师（软件/硬件）";"西安栎安科技有限公司";"0.5-1万/月";"127"
862;"前端开发工程师";"陕西淘丁实业集团有限公司";"0.8-1万/月";"9"
863;"500强-华为-大数据工程师";"北京外企德科人力资源服务上海有限公司";"1.5-2.5万/月";"18"
864;"产品发布工程师";"泰为信息科技（上海）有限公司";"1.5-2万/月";"13"
865;"软件配置管理(SCM)工程师";"北京讯通安添通讯科技有限公司西安分公司";"1-1.5万/月";"15"
866;"软件工程师";"西安悦锦电子信息科技有限公司";"8-10万/年";"73"
867;"Cloud NFVi Solution Architect  246455";"Ericsson (China) Communications Co.LTD 爱立信（中国）通信有限公司";" ";"22"
868;"Digital Technology Intern";"GE航空集团";" ";"27"
869;"大数据运维工程师";"新华三技术有限公司";"1-2万/月";"49"
870;"阿里云事业群-云业务架构师-西安区域";"阿里巴巴集团";" ";"49"
871;"软件测试工程师";"浙江大华技术股份有限公司";"10-20万/年";"358"
872;"PostgreSQL DBA（五险一金+双休）";"深圳市坐标软件开发有限公司";"1-1.5万/月";"32"
873;"数据库工程师";"南京烽火星空通信发展有限公司";"1-2万/月";"80"
874;"大数据产品经理";"东华软件股份公司";" ";"16"
875;"数字IC后端设计工程师";"广州众诺电子技术有限公司";"1-2万/月";"16"
876;"高级自动化测试开发工程师（西安）";"深圳市有方科技股份有限公司";"1.5-2.5万/月";"153"
877;"java/.net/web/大数据软件工程师";"陕西省商务技术学校";"15-20万/年";"182"
878;"高级生物信息工程师（西安）";"上海源兹生物科技有限公司";"5-9千/月";"41"
879;"数据开发工程师";"西安亚购信息科技有限公司";"1-2万/月";"43"
880;"软件测试工程师（APP测试）";"陕西家护帮网络科技有限公司";"6-9千/月";"217"
881;"算法工程师（深度学习）（西安）";"聚龙股份有限公司";"1.5-2万/月";"56"
882;"运维工程师";"北京空间畅想信息技术有限责任公司";"0.8-1万/月";"85"
883;"高级软件工程师";"江苏锐天信息科技有限公司西安分公司";"1.2-1.6万/月";"25"
884;"数据开发工程师";"武汉金淳久久商贸有限公司";"3-4.5千/月";"20"
885;"（某500强知名企业）大数据开发工程师";"西安瀚特人力资源有限公司";"1.5-2万/月";"24"
886;"测试实习生（西安）(J10062)";"绿盟科技";"2-3千/月";"43"
887;"网络运维工程师";"信永中和会计师事务所";" ";"108"
888;"Java高级开发工程师";"北京中软国际信息技术有限公司";"1-1.5万/月";"115"
889;"并行计算研发工程师";"英特工程仿真技术（大连）有限公司";"0.8-1.5万/月";"26"
890;"高级测试工程师";"裕日软件有限公司";"0.6-1.2万/月";"61"
891;"(ID67814)知名汽车公司急聘数据挖掘工程师";"上海任仕达人才服务有限公司";"0.8-1.1万/月";"23"
892;"软件测试工程师";"深圳普创天信科技发展有限公司";"0.5-1万/月";"424"
893;"数据分析师（十三薪+双休）";"北京中海华晟信息技术有限公司西安分公司";"0.8-1万/月";"64"
894;"测试经理";"美格智能西安研究所";"0.8-1万/月";"83"
895;"外卖数据分析员";"陕西泰合信息科技有限公司";"3-4.5千/月";"21"
896;"Linux研发工程师";"上海凯翔信息科技有限公司";"1-1.5万/月";"40"
897;"数据分析师";"广州佰聆数据股份有限公司";"1-2万/月";"62"
898;"TPCE Test Engineer(ATE/BURN)";"美光半导体（西安）有限责任公司";" ";"22"
899;"自动化测试工程师";"西安翼展电子科技有限公司";"0.6-1.2万/月";"69"
900;"软件研发工程师（应届）";"紫光陕数大数据有限公司";"1-1.5万/月";"66"
901;"大数据开发工程师";"陕西海默油田服务有限公司";"6-8千/月";"32"
902;"人工智能机器学习工程师";"西安橡树软件有限公司";"0.8-1万/月";"51"
903;"中高级前端开发工程师";"翔傲信息科技（上海）有限公司";"0.8-1.2万/月";"38"
904;"RD-机器学习工程师（可接收实习生）";"TCL集团工业研究院";"0.8-1.5万/月";"64"
905;"运维工程师";"广州亿程交通信息集团有限公司";"4-6千/月";"82"
906;"高级PHP软件开发工程师";"西安三态电子商务有限公司";"1.2-1.5万/月";"15"
907;"图像算法工程师";"西安大医集团有限公司";"0.8-1.5万/月";"52"
908;"三维重建算法工程师-XA";"深圳奥比中光科技有限公司";"1.5-3万/月";"15"
909;"Java开发+双休+五险一金+应届生";"西安达文信息技术有限公司";"4-6千/月";"180"
910;"大数据仓库架构师（西安）";"杭州数云信息技术有限公司";"1.8-3万/月";"21"
911;"日志安全分析师";"三门峡崤云信息服务股份有限公司";"0.5-1万/月";"8"
912;".NET开发工程师";"陕西晶胜广告文化传播有限公司";"3-8千/月";"20"
913;"Java高级开发工程师";"西安三茗科技股份有限公司";"1.2-1.8万/月";"139"
914;"Python高级开发工程师";"小马股份有限公司西安分公司";"0.5-2.5万/月";"49"
915;"Python开发助理/实习生   双休";"西安卓睿信息技术有限公司";"4.5-6千/月";"201"
916;"Python开发实习生";"陕西养正文化发展有限公司";"4.5-6千/月";"138"
917;"Python开发助理+双休";"陕西金晟网络科技有限公司";"4.5-6千/月";"122"
918;"Python开发工程师";"西安智园软件开发管理有限公司";"1-1.5万/月";"59"
919;"测试工程师";"北京先进数通信息技术股份公司";"5-9千/月";"184"
920;"大数据开发工程师";"西安恪诚电子科技有限公司";"1-1.5万/月";"37"
921;"JavaWeb工程师";"陕西维纳传媒股份有限公司";"0.8-1.5万/月";"37"
922;"大数据挖掘工程师(高薪+五险一金+双休)";"西安政通信息技术有限公司";"1.5-2万/月";"49"
923;"linux C++高级开发工程师";"广州优孚欧智能科技有限公司";"0.6-1.2万/月";"33"
924;"高级嵌入式软件开发工程师";"西安翔迅科技有限责任公司";"1-1.5万/月";"42"
925;"系统架构设计师";"北京中航讯科技股份有限公司";"2.5-3万/月";"47"
926;"IC验证工程师";"顺卓微电子（西安）有限公司";"1-1.5万/月";"30"
927;"在线编程老师";"上海傲梦网络科技有限公司";"6-8千/月";"9"
928;"大数据平台运维工程师（Hadoop方向）";"上海罗盘信息科技有限公司";"1-1.5万/月";"56"
929;"大数据研发工程师";"北京明朝万达科技股份有限公司";"0.8-1.6万/月";"23"
930;"SLAM算法工程师";"广东星舆科技有限公司";"1.5-3万/月";"29"
931;"VR 相关算法工程师 高级软件工程师";"西安灵境科技有限公司";"8-20万/年";"37"
932;"RD-算法移植优化工程师";"TCL集团工业研究院";"0.8-1万/月";"28"
933;"首席软件质量工程师";"次元境界科技（北京）有限公司";"30-40万/年";"50"
934;"生物信息工程师";"西安中科茵康莱医学检验有限公司";"5-8.5千/月";"56"
935;"软件测试工程师";"酷渲（北京）科技有限公司";"0.8-1.5万/月";"462"
936;"web高级开发工程师";"陕西九鼎通信技术有限公司";"1-1.6万/月";"17"
937;"软件测试工程师";"西安大医集团有限公司";"0.8-1.5万/月";"339"
938;"服务器运维工程师";"陕西省君凯电子科技有限公司";"0.5-1万/月";"32"
939;"Linux软件工程师";"西安三茗科技股份有限公司";"0.8-1万/月";"39"
940;"Java开发工程师";"奇虎360科技有限公司";" ";"236"
941;"数据分析师";"河南正华电讯有限公司西安分公司";"3.5-6千/月";"23"
942;"自动化测试工程师";"KaiOS凯系通讯科技";"0.8-1.2万/月";"126"
943;"测试工程师";"西安魔盾电气工程自动化研究所有限公司";"4-6.5千/月";"197"
944;"大数据开发工程师";"陕西万盛达信息科技有限公司";"0.8-1.5万/月";"73"
945;"高级PHP开发工程师";"西安旭辉计算机软件开发有限责任公司";"0.8-1万/月";"39"
946;"销售分析支持经理";"中外运-敦豪(DHL-Sinotrans)";"1-1.5万/月";"56"
947;"IT培训讲师（Python）";"北京中公教育科技股份有限公司";"1-1.5万/月";"33"
948;"资深软件开发工程师(Python)";"上海剑桥科技股份有限公司";"1.5-2.8万/月";"44"
949;"Python开发工程师";"陕西星邑空间技术有限公司";"1-1.5万/月";"107"
950;"大数据开发工程师";"深圳市易流科技股份有限公司";"1.5-2.5万/月";"67"
951;"数据抓取工程师";"东华软件股份公司";"0.8-1.6万/月";"45"
952;"Python开发工程师";"上海易宝软件有限公司深圳分公司";" ";"80"
953;"Python开发工程师";"杭州世平信息科技有限公司";"7-9千/月";"139"
954;"Python Web开发工程师";"西安云雀软件有限公司";"0.5-1.4万/月";"26"
955;"Python开发实习生（西安）";"绿盟科技";"130元/天";"66"
956;"Java高级开发工程师--汇丰业务线";"中软国际科技服务有限公司";"1.3-1.8万/月";"32"
957;"python后台开发工程师";"西安智推网络科技有限公司";"0.8-1.5万/月";"56"
958;"高级Web全栈工程师";"西安奥卡云数据科技有限公司";"2-2.5万/月";"12"
959;"Python开发工程师";"西安逆袭网络科技有限公司";" ";"34"
960;"Python开发工程师";"北京华九德企业管理有限公司";" ";"73"
961;"安全开发工程师(西安）-西北服务交付部";"绿盟科技";" ";"21"
962;"python开发";"中软国际科技服务有限公司";"0.8-1.5万/月";"82"
963;"Python高级研发工程师";"西安智推网络科技有限公司";"1-1.5万/月";"54"
964;"Python开发工程师";"西安市城市规划信息中心";"4-6千/月";"88"
965;"高级软件测试工程师（西安）";"杭州数云信息技术有限公司";"1-1.5万/月";"175"
966;"python开发工程师（西安）";"中电长城网际系统应用有限公司";"0.8-1万/月";"146"
967;"高级Web全栈工程师（硅谷技术）";"西安咏圣达电子科技有限公司";"1-1.5万/月";"24"
968;"中级web全栈工程师";"西安奥卡云数据科技有限公司";"1.5-2万/月";"14"
969;"Python 导师";"传智播客教育集团西安分校";"1-1.5万/月";"25"
970;"云计算Python开发工程师";"上海思华科技股份有限公司";"0.8-1.2万/月";"82"
971;"Python开发工程师";"北京华软金科信息技术有限公司";"1-1.5万/月";"85"
972;"python资深开发工程师";"陕西速橘丰信息科技有限公司";"1-1.5万/月";"72"
973;"Python开发工程师";"上海云首信息科技有限公司";"1.5-2万/月";"78"
974;"Java开发工程师";"西安图道信息科技有限公司";"6-8千/月";"425"
975;"Python开发工程师";"西安优逸客网络科技有限公司";"0.6-1万/月";"137"
976;"网络爬虫";"西安雅卓电子智能科技有限公司";"4.5-6千/月";"15"
977;"Python开发工程师";"西安博文同创信息技术有限公司";"4.5-6千/月";"98"
978;"Python开发工程师";"西安唐远信息科技有限公司";"0.5-1万/月";"104"
979;"Python开发工程师";"西安道恩网络科技有限公司";"7-9千/月";"135"
980;"java+人工智能实习生（接受0基础）";"陕西养正文化发展有限公司";"6-8千/月";"82"
981;"自动化运维工程师";"西安诺瓦电子科技有限公司";"6-9千/月";"43"
982;"平台运维工程师";"西安因联信息科技有限公司";"0.7-1.2万/月";"33"
983;"软件测试助理工程师（西安）";"深圳市有方科技股份有限公司";"6-8千/月";"261"
984;"openstack开发运维工程师";"西安盈谷网络科技有限公司";"0.6-1.2万/月";"28"
985;"网络开发工程师";"瑞斯康达科技发展股份有限公司";"6-8千/月";"21"
986;"测试工程师";"北京天源迪科信息技术有限公司";"0.6-1万/月";"265"
987;"系统运维工程师";"西安葡萄城信息技术有限公司";"0.7-1.2万/月";"103"
988;"软件测试工程师";"陕西九鼎通信技术有限公司";"0.6-1万/月";"365"
989;"测试工程师";"中寰卫星导航通信有限公司";"0.6-1.2万/月";"240"
990;"Java开发工程师";"深圳市讯方技术股份有限公司";"0.7-1.5万/月";"262"
991;"嵌入式中级开发工程师";"深圳市德卡科技股份有限公司";"6-8千/月";"27"
992;"PHP开发工程师";"西安雅森研学教育科技有限公司";"0.6-1.2万/月";"23"
993;"自动化测试工程师";"上海数果科技有限公司";"0.6-1.2万/月";"121"
994;"教师（计算机方向）";"西安欧亚学院";"6-8千/月";"40"
995;"软件测试工程师（超声）";"深圳市理邦精密仪器股份有限公司";"7.5-9千/月";"314"
996;"系统测试工程师";"陕西美农网络科技有限公司";"6-8千/月";"60"
997;"Java开发工程师";"西安数之元网络科技有限公司";"0.6-1.5万/月";"164"
998;"System test engineer软件测试工程师";"KaiOS凯系通讯科技";"6-9千/月";"386"
999;"Openstack运维实施工程师";"上海思华科技股份有限公司";"0.6-1万/月";"35"
1000;"Java开发工程师";"西安橡树软件有限公司";"6-8千/月";"249"
1001;"全栈工程师";"三门峡崤云安全服务有限公司";"6-8千/月";"25"
1002;"Firmware Engineer";"苏州联讯仪器有限公司";"0.6-1万/月";"18"
1003;"WEB前端开发工程师";"西安圣点世纪科技有限公司";"0.7-1.4万/月";"115"
1004;"软件测试工程师";"虎丘影像（苏州）有限公司";"6-8千/月";"203"
1005;"软件设计工程师";"西安智多晶微电子有限公司";"0.7-1.5万/月";"19"
1006;"云方向业务部门_大数据工程师";"北京思特奇信息技术股份有限公司陕西分公司";"0.6-1万/月";"30"
1007;"自动化测试工程师（20名）";"三星数据系统（西安）有限公司";"6-9千/月";"220"
1008;"算法工程师";"西安浪盟网络科技有限公司";"0.6-1.2万/月";"40"
1009;"大数据开发工程师";"上海米赋网络科技有限公司";"0.6-1.2万/月";"37"
1010;"JAVA开发工程师";"西安海润通信技术有限公司";"0.7-1.4万/月";"243"
1011;"高级测试工程师";"北京军地联合信息技术研究发展中心（有限合伙）";"6-8千/月";"125"
1012;"软件测试工程师";"西安悦泰科技有限责任公司";"6-8千/月";"396"
1013;"IT运维工程师";"百胜餐饮（西安）有限公司";"6-8千/月";"149"
1014;"IT培训讲师（Linux）";"北京中公教育科技股份有限公司";"0.6-1.2万/月";"10"
1015;"系统测试工程师";"西安中科创星科技孵化器有限公司";"0.6-1万/月";"76"
1016;"Javascript讲师";"上海傲梦网络科技有限公司";"6-8千/月";"41"
1017;"深度学习工程师";"中国科学院自动化研究所（洛阳）机器人与智能装备创新研究院";"0.7-1.5万/月";"23"
1018;"Java开发工程师";"厦门唐普信息技术有限公司";"0.6-2.5万/月";"324"
1019;"软件测试工程师（中级）";"西安图迹信息科技有限公司";"6-8千/月";"425"
1020;"Web开发工程师（派遣）-西安";"大唐移动通信设备有限公司西安分公司";"0.7-1万/月";"72"
1021;"C++中级软件工程师";"西安魔盾电气工程自动化研究所有限公司";"0.6-1万/月";"35"
1022;"Python/Golang高级开发工程师";"陕西巨子生物技术有限公司";"0.6-1.2万/月";"67"
1023;"Python软件工程师";"北京优诺信创科技有限公司";"0.6-1万/月";"53"
1024;"中级Python开发工程师";"江苏润和软件股份有限公司";"0.7-1.3万/月";"85"
1025;"Python高级开发工程师";"陕西维纳传媒股份有限公司";"0.6-1.2万/月";"101"
1026;"Python开发工程师";"陕西晟运通科技有限公司";"0.6-1.5万/月";"145"
1027;"Python开发工程师";"西安云雀软件有限公司";"0.5-1.4万/月";"70"
1028;"开发工程师（python方向）";"北京华软金科信息技术有限公司";"0.8-1万/月";"61"
1029;"Python就业指导专员(J10786)双休、六险一金";"传智播客教育集团西安分校";"8-9千/月";"20"
1030;"python讲师";"西安飞凡网络技术咨询有限公司";" ";"42"
1031;"Python开发工程师";"西安华众电子科技股份有限公司";"0.5-1.5万/月";"100"
1032;"网络推广专员";"西安凯联电子科技有限公司";"6-8千/月";"15"
1033;"高级开发工程师";"陕西同纳信息技术有限公司";"1.5-3万/月";"37"
1034;"python讲师/培训师+高薪+六险一金";"西安云间信息科技有限公司";"1-1.5万/月";"37"
1035;"python讲师/培训师+高薪+六险一金";"陕西巨人商务信息咨询有限公司";"1-1.5万/月";"36"
1036;"Java高级开发工程师（西安）";"北京中海华晟信息技术有限公司西安分公司";"1-1.5万/月";"88"
1037;"大数据研发工程师/架构师";"北京空间畅想信息技术有限责任公司";"1-2万/月";"28"
1038;"数据分析师";"西安图迹信息科技有限公司";"0.8-1万/月";"52"
1039;"数据开发工程师（SME）";"陕西西部资信股份有限公司";"1-1.5万/月";"46"
1040;"大数据开发工程师";"西安易流物联科技有限公司";"1-2万/月";"32"
1041;"人工智能讲师";"西安软件服务外包学院";"0.8-1万/月";"15"
1042;"python讲师+六险一金";"西安中软卓越信息技术有限公司";"0.8-1万/月";"70"
1043;"IT培训讲师（JAVA）";"北京中公教育科技股份有限公司";"1-1.5万/月";"36"
1044;"Python开发工程师助理/实习";"陕西速橘丰信息科技有限公司";"4.5-6千/月";"153"
1045;"seo专员";"西安动力无限信息科技股份有限公司";"4.5-6千/月";"9"
1046;"Java开发爬虫工程师";"西安亿商汇聚信息技术有限公司";" ";"30"
1047;"Python研发工程师 爬虫";"西安智推网络科技有限公司";"0.8-1.6万/月";"66"
1048;"爬虫开发工程师";"西安图道信息科技有限公司";"6-8千/月";"77"
1049;"结算管理人员";"丝绸之路金服科技有限公司";"0.4-2万/月";"22"
1050;"数据抓取工程师";"东华软件股份公司";"0.8-1.6万/月";"45"
1051;"Python开发工程师";"杭州世平信息科技有限公司";"7-9千/月";"139"
1052;"Java开发工程师";"西安图道信息科技有限公司";"6-8千/月";"425"
1053;"Python爬虫工程师";"红上至信商务信息咨询（上海）有限公司";" ";"45"
1054;"Python爬虫工程师";"红上至信商务信息咨询（上海）有限公司";" ";"55"
1055;"JAVA开发 爬虫工程师";"西安极数宝数据服务有限公司";"3-8千/月";"114"
1056;"Python讲师";"陕西云谷教育科技有限公司";" ";"35"
1057;"Python开发工程师";"西安优逸客网络科技有限公司";"0.6-1万/月";"137"
1058;"算法工程师";"西安银信博锐信息科技有限公司";"4.5-6千/月";"12"
1059;"Python开发工程师";"西安博文同创信息技术有限公司";"4.5-6千/月";"98"
1060;"Python开发";"西安图迹信息科技有限公司";"6-8千/月";"73"
1061;"python资深开发工程师";"陕西速橘丰信息科技有限公司";"1-1.5万/月";"72"
1062;"Python开发工程师";"西安市城市规划信息中心";"4-6千/月";"88"
1063;"大数据开发工程师";"深圳市易流科技股份有限公司";"1.5-2.5万/月";"67"
1064;"Python 导师";"传智播客教育集团西安分校";"1-1.5万/月";"25"
1065;"网络优化、seo推广";"西安万家灯火信息技术有限公司";"6-8千/月";"22"
1066;"JAVA爬虫工程师";"红上至信商务信息咨询（上海）有限公司";" ";"18"
1067;"网络爬虫";"西安雅卓电子智能科技有限公司";"4.5-6千/月";"15"
1068;"初级JAVA 爬虫工程师";"西安极数宝数据服务有限公司";"3-7千/月";"174"
1069;"Python开发工程师";"中软国际科技服务有限公司";"0.8-1万/月";"62"
1070;"python开发";"中软国际科技服务有限公司";"0.8-1.5万/月";"82"
1071;"Python开发工程师";"西安道恩网络科技有限公司";"7-9千/月";"135"
1072;"爬虫开发工程师";"陕西运璟网络科技有限公司";"1-1.5万/月";"54"
1073;"爬虫开发工程师";"陕西运璟网络科技有限公司";"1-1.5万/月";"54"
1074;"Python研发工程师 爬虫";"西安智推网络科技有限公司";"0.8-1.6万/月";"66"
1075;"爬虫开发工程师";"西安图道信息科技有限公司";"6-8千/月";"77"
1076;"爬虫工程师";"西安澳鹏网络科技有限公司";"1-1.5万/月";"30"
1077;"数据抓取工程师";"东华软件股份公司";"0.8-1.6万/月";"45"
1078;"爬虫开发工程师";"陕西运璟网络科技有限公司";"1-1.5万/月";"54"
1079;"Python开发";"西安图迹信息科技有限公司";"6-8千/月";"73"
1080;"人工智能大数据工程师";"西安达文信息技术有限公司";"4-6千/月";"8"
1081;"软件工程师";"西安朗晟电子科技有限公司";" ";"4"
1082;"C++开发工程师";"西安朗晟电子科技有限公司";" ";"4"
1083;"高薪诚聘淘宝店铺运营高提点待遇好";"西安淘达网络科技有限公司";" ";"7"
1084;"电商运营、网店运营（急聘、高提点）";"西安淘达网络科技有限公司";" ";"8"
1085;"淘宝店铺运营（急聘、综合工资4000+）";"西安淘达网络科技有限公司";" ";"7"
1086;"3000+急聘淘宝店铺运营专员/高提点提成/不加班";"西安淘达网络科技有限公司";" ";"7"
1087;"淘宝运营（急聘）应届毕业生亦可";"西安淘达网络科技有限公司";" ";"7"
1088;"4k急招淘宝运营（高提点、应届毕业生亦可)";"西安淘达网络科技有限公司";" ";"7"
1089;"电子商务运营专员（无责底薪+高提点）";"西安淘达网络科技有限公司";" ";"7"
1090;"电商运营专员（无责底薪+好提点）6k+";"西安淘达网络科技有限公司";" ";"8"
1091;"急聘天猫淘宝店铺运营高提点/福利好";"西安淘达网络科技有限公司";" ";"7"
1092;"3000急聘淘宝店铺运营高提点无加班";"西安淘达网络科技有限公司";" ";"7"
1093;"软件工程师";"西安仙峒科技有限责任公司";"0.8-1万/月";"15"
1094;"区块链系统构架师";"西安三体网络科技有限公司";" ";"5"
1095;"物联网开发工程师";"西安三体网络科技有限公司";" ";"12"
1096;"电子工程师";"西安仙峒科技有限责任公司";"6-8千/月";"44"
1097;"外业外业测量    实习生  （西安）";"上海爵特信息科技有限公司";" ";"2"
1098;"测量作业员";"陕西汇图测绘地理信息有限公司";"2.5-6千/月";"5"
1099;"雷达数据解释人员";"中煤航测遥感集团有限公司";" ";"9"
1100;"LabVIEW软件工程师";"陕西特恩电子科技有限公司";"0.6-1万/月";"18"
1101;"测绘/测量";"西安新恒屹建筑工程有限公司";"0.5-1万/月";"90"
1102;"测绘工程师";"西安新恒屹建筑工程有限公司";"3-6千/月";"24"
1103;"互联网金融高级风控经理";"神州数码系统集成服务有限公司西安分公司";"1.5-2万/月";"42"
1104;"互联网金融风控经理";"神州数码系统集成服务有限公司西安分公司";"1-1.5万/月";"77"
1105;"大客户业务代表（工业自动化事业群）";"研华（中国）有限公司";"6-8千/月";"47"
1106;"广宣活动";"陕西通家汽车股份有限公司";"4-7千/月";"10"
1107;"大数据架构师";"神州数码系统集成服务有限公司西安分公司";"1.2-2.4万/月";"3"
1108;"验证技术员";"北京志翔领驭科技有限公司";"3-4.5千/月";"10"
1109;"振动分析与故障诊断工程师";"陕西卫峰核电子有限公司";"5-8千/月";"20"
1110;"研发工程师（MES/DNC/MDC方向）";"通力凯顿（北京）系统集成有限公司";"0.6-1.5万/月";"9"
1111;"数采实施顾问（MES/DNC/MDC方向）";"通力凯顿（北京）系统集成有限公司";"3-8千/月";"11"
1112;"售后服务工程师";"西安因联信息科技有限公司";"6-8千/月";"42"
1113;"停下来，享受创业—创业合伙人、区域负责人";"浙江猎数信息科技有限公司";"4-5万/月";"16"
1114;"RCC电话信息员（行业龙头，高收入，五险一金，双休）";"北京瑞达恒建筑咨询有限公司西安分公司";"4-6千/月";"3"
1115;"ARM嵌入式设计师";"山西科泰航天防务技术股份有限公司";"0.7-1.3万/月";"21"
1116;"高速摄像机销售及支持工程师";"北京约克仪器技术开发有限责任公司";"0.8-1万/月";"14"
1117;"销售顾问双休+无责底薪+高提成";"陕西博通致业安防科技有限公司";"0.8-1万/月";"28"
1118;"暑期工办公室销售 双休+高底薪+高提成";"陕西博通致业安防科技有限公司";"3-4.5千/月";"3"
1119;"双休7.5小时办公室高薪资销售代表";"陕西博通致业安防科技有限公司";"0.8-1万/月";"27"
1120;"7.5小时制固定双休法定假日正常休办公室销售工作";"陕西博通致业安防科技有限公司";"0.8-1万/月";"10"
1121;"双休办公室销售底薪3000";"陕西博通致业安防科技有限公司";"0.8-1万/月";"4"
1122;"双休底薪3000电话销售";"陕西博通致业安防科技有限公司";"0.8-1万/月";"6"
1123;"军工测试设备系统工程师ATE";"西安创亿达微电子测控系统有限公司";"1-2万/月";"29"
1124;"军工测试设备销售/销售助理";"西安创亿达微电子测控系统有限公司";"3-6千/月";"20"
1125;"系统工程师";"西安创亿达微电子测控系统有限公司";"1-2万/月";"19"
1126;"软件工程师";"西安艾达电子科技有限公司";"0.6-1.2万/月";"51"
1127;"系统集成工程师";"西安艾达电子科技有限公司";"0.8-1.2万/月";"18"
1128;"双休办公室销售底薪3千高提成";"陕西博通致业安防科技有限公司";"0.8-1万/月";"8"
1129;"MaxMara高端女装导购（西安中大国际）";"北京金美仕贸易有限公司";"6-8千/月";"38"
1130;"MaxMara高端女装导购（西安SKP）";"北京金美仕贸易有限公司";"0.5-1万/月";"56"
1131;"MaxMara高端女装导购（西安SKP）";"北京金美仕贸易有限公司";"0.5-1万/月";"98"
1132;"SPORTMAX高端女装导购（西安SKP）";"北京金美仕贸易有限公司";"4.5-6千/月";"51"
1133;"MARELLA高端女装（西安钟楼世纪金花）";"北京金美仕贸易有限公司";"4.5-6千/月";"19"
1134;"出国游双休底薪3千办公室销售";"陕西博通致业安防科技有限公司";"0.8-1万/月";"5"
1135;"工程信息调研员（多劳多得+双休+海外游）";"北京瑞达恒建筑咨询有限公司西安分公司";"4-6千/月";"3"
1136;"测绘项目经理";"西安舦渡数字科技有限公司";"0.6-1万/月";"17"
1137;"测绘工程外业测量员";"陕西迪博景源测绘地理信息有限公司";"2.1-4.5千/月";"30"
1138;"数据采集编辑(五险+双休)";"大屏幕显示业绩榜网";"4.5-6千/月";"9"
1139;"数据采集编辑(五险+双休)";"大屏幕显示业绩榜网";"4.5-6千/月";"16"
1140;"数据采集分析专员";"大屏幕显示业绩榜网";"4.5-6千/月";"9"
1141;"数据分析师";"泰豪软件股份有限公司";"0.8-1万/月";"48"
1142;"测绘工程项目经理";"西安创新数字测绘工程有限公司";" ";"5"
1143;"嵌入式开发工程师";"西安朗晟电子科技有限公司";" ";"2"
1144;"BI实施顾问（高级）";"陕西优百信息技术有限公司";" ";"9"
1145;"3000急聘淘宝店铺运营有高提点经验者优先";"西安淘达网络科技有限公司";" ";"7"
1146;"大数据开发经理";"西安华创人力资源管理咨询有限公司";" ";"5"
1147;"软件工程师 福利+项目奖金+培训+旅游";"西安航普电子有限责任公司";" ";"6"
1148;"大数据分析开发工程师";"西安三体网络科技有限公司";" ";"19"
1149;"销售工程师";"西安环测电子有限公司";" ";"7"
1150;"电气调试人员";"陕西天汇电力建设工程有限公司";" ";"18"
1151;"急聘嵌入式开发人员（长安区）";"陕西西科美芯电子科技有限公司";"6-8千/月";"26"
1152;"线上运营（外卖）";"西安袁记餐饮管理有限公司";" ";"4"
1153;"电子技术员";"西安仙峒科技有限责任公司";"3-5千/月";"19"
1154;"互联网运营总监";"陕西花之吻企业管理有限公司";"0.8-1万/月";"29"
1155;"MES项目经理";"北京天圣华信息技术有限责任公司";" ";"48"
1156;"分析师";"陕西利贞元亨商业运营管理有限公司";"3-4.5千/月";"5"
1157;"设计开发项目经理";"西安睿诺新能源有限公司";" ";"9"
1158;"设备部电气工程师（泰州上班）";"江苏兴达钢帘线股份有限公司";"0.6-1.2万/月";"17"
1159;"labview软件工程师";"西安龙德科技发展有限公司";"4.5-6千/月";"8"
1160;"航测采集、编辑人员";"西安广域数码测绘工程有限责任公司";"3-6千/月";"10"
1161;"实施工程师（西安）";"浙江中控技术股份有限公司";"6-8千/月";"18"
1162;"LTE优化工程师";"西安海润通信技术有限公司";"0.6-1.2万/月";"15"
1163;"销售工程师";"中航电测仪器股份有限公司";"4.5-6千/月";"34"
1164;"实验室人员+五险一金";"西安三维应力工程技术有限公司";"3-4.5千/月";"20"
1165;"电力巡检飞手";"西安因诺航空科技有限公司";"4-8千/月";"52"
1166;"信息技术主管（百寰购物中心）";"西安百寰建材实业有限责任公司";"4.5-6千/月";"17"
1167;".NET开发工程师";"西安博深安全科技股份有限公司";"0.8-1万/月";"14"
1168;"Labview软件开发工程师";"西安庆安航空电子有限公司";"0.5-1万/月";"24"
1169;"软件工程师";"陕西特恩电子科技有限公司";"4-6千/月";"17"
1170;"电商总监/电商经理";"陕西鑫晟吉祥生物科技有限公司";"1-1.5万/月";"33"
1171;"测绘工程师";"西安新恒屹建筑工程有限公司";"3-6千/月";"3"
1172;"算法工程师";"三盟科技股份有限公司";"1.5-2万/月";"29"
1173;"光学工程师";"西安西光创威光电有限公司";"0.5-1.1万/月";"65"
1174;"绩效评价";"陕西正衡投资控股集团有限公司";"4.5-9千/月";"10"
1175;"现场技术支持工程师";"研华（中国）有限公司";"6-8千/月";"63"
1176;"技术总监";"陕西锦图企业管理咨询有限责任公司";"2.5-3万/月";"41"
1177;"航测内业技术员";"陕西新英建设工程有限公司";"5-7千/月";"25"
1178;"研发助理";"西安天瑞达光电技术股份有限公司";"4-7千/月";"55"
1179;"SQE";"陕西通家汽车股份有限公司";"3.5-7千/月";"66"
1180;"市场部实习生";"西安倍格特数据技术有限公司";"2-3千/月";"2"
1181;"市场专员(西安服务中心）";"江苏儒灵童文化产业集团有限公司";"3-4.5千/月";"2"
1182;"教师（计算机方向）";"西安欧亚学院";"6-8千/月";"40"
1183;"新媒体运营专员";"神州数码系统集成服务有限公司西安分公司";"4-8千/月";"34"
1184;"信息化技术管理/大坝数字信息化管理";"陕西省引汉济渭工程建设有限公司";" ";"62"
1185;"中级系统工程师";"江苏锐天信息科技有限公司西安分公司";"0.8-1.1万/月";"9"
1186;"淘宝运营专员+高提成+有经验优先";"西安千硕电子商务有限公司";"0.4-1万/月";"25"
1187;"电路设计工程师";"北京世迈腾科技有限公司";"6-9千/月";"18"
1188;"工艺工程师";"陕西投资远大建筑工业有限公司";"4.5-6千/月";"29"
1189;"质量部经理";"西安源森生物科技有限公司";"8-10万/年";"17"
1190;"LabVIEW工程师";"陕西卫峰核电子有限公司";"6-8千/月";"30"
1191;"测试工程师(传感器类)";"陕西麟德惯性电气有限公司";"4.5-6千/月";"46"
1192;"安装工程师";"香港基因有限公司";" ";"66"
1193;"售前顾问（MES/DNC/MDC方向）";"通力凯顿（北京）系统集成有限公司";"0.3-1万/月";"3"
1194;"Java Web开发工程师";"郑州信大捷安信息技术股份有限公司";"0.8-1.5万/月";"73"
1195;"售后服务工程师";"西安因联信息科技有限公司";"6-8千/月";"24"
1196;"C++/C#软件工程师";"西安知微传感技术有限公司";"0.8-1.5万/月";"39"
1197;"光伏电气工程师";"陕西光德电子材料有限公司";"5-7千/月";"85"
1198;"物联网开发工程师";"上海思伟软件有限公司";"1-3万/月";"17"
1199;"项目经理";"西安光谷防务技术股份有限公司";"0.6-1万/月";"41"
1200;"Oracle 开发岗";"云歌信息技术（江苏）有限公司";"5-8千/月";"13"
1201;"验证技术员";"北京志翔领驭科技有限公司";"3-4.5千/月";"10"
1202;"销售经理";"中江联合（北京）科技有限公司";"2-3万/月";"151"
1203;"飞行器总体设计师";"山西科泰航天防务技术股份有限公司";"0.8-1.5万/月";"19"
1204;"高速摄像机销售及支持工程师";"北京约克仪器技术开发有限责任公司";"0.8-1万/月";"27"
1205;"大数据开发工程师";"西安恪诚电子科技有限公司";"1-1.5万/月";"37"
1206;"测绘员/组长/项目经理（出差）";"西安速度时空大数据科技有限公司";"3-8千/月";"51"
1207;"硬件工程师";"西安亿威数字技术有限公司";"5-6.9千/月";"31"
1208;"机器视觉系统集成工程师";"陕西银河景天电子有限责任公司";"1-3万/月";"11"
1209;"组装测试技术员";"鹏翔飞控作动系统(西安）有限责任公司";" ";"100"
1210;"Junior Grower 种植技术员";"黑革萝（上海）贸易有限公司";"5-8千/月";"21"
1211;"应用软件开发工程师";"西安翔迅科技有限责任公司";"0.9-1.5万/月";"20"
1212;"大数据开发工程师";"紫光陕数大数据有限公司";"1-1.5万/月";"45"
1213;"发动机测试工程师";"西安增材制造国家研究院有限公司";"4-8千/月";"22"
1214;"光学工程师";"西安和其光电科技股份有限公司";"6-8千/月";"13"
1215;"软件程序员（双休+五险一金）";"华羿微电子股份有限公司";"6-8千/月";"11"
1216;"C/C++软件工程师";"西安创亿达微电子测控系统有限公司";"1-1.6万/月";"81"
1217;"销售工程师";"西安艾达电子科技有限公司";"4.5-8千/月";"28"
1218;"BI实施顾问";"西安石榴花电子科技有限公司";"0.6-1.2万/月";"36"
1219;"C#开发工程师";"陕西远洋科技实业有限责任公司";"0.8-1万/月";"14"
1220;"MAX&Co.高端女装导购（西安高新中大国际）";"北京金美仕贸易有限公司";"3-4.5千/月";"19"
1221;"大数据事业部经理";"西安鼎高信息技术有限公司";"0.8-1万/月";"20"
1222;"数据开发工程师";"长天科技有限公司";"4.5-6千/月";"4"
1223;"内容审核员";"陕西晶胜广告文化传播有限公司";"3-4千/月";"22"
1224;"软件工程师";"陕西汉唐力源电子科技有限公司";"4-8千/月";"17"
1225;"MES\仿真\SCADA\可视化监控项目人员";"陕西建工金牛集团股份有限公司";"3-4.5千/月";"7"
1226;"Technical Service Specialist 技术支持专员";"艾仕得涂料系统（上海）有限公司浦东分公司";" ";"112"
1227;"电子工程师";"西安航科等离子体科技有限公司";"0.8-1万/月";"62"
1228;"Java高级开发工程师";"陕西思尔生物科技有限公司";"0.8-2万/月";"83"
1229;"权证专员";"西安信桥壹佰置业有限公司";"4.5-6千/月";"16"
1230;"高级医学经理";"北京依露得力医疗器械有限公司";"0.8-1万/月";"9"
1231;"数据分析员";"西安亚购信息科技有限公司";"4-8千/月";"31"
1232;"硬件工程师（光电信号处理方向）";"西安奇维科技有限公司";"1-1.5万/月";"41"
1233;"权证专员";"阳光壹佰置业（成都）有限公司";"4.5-6千/月";"29"
1234;"少儿销售总监";"陕西方城教育科技有限公司";"7-8千/月";"9"
1235;"自动化工程师";"汉思信息技术有限公司";"0.5-1万/月";"133"
1236;"5G电信技术工程师";"西安纳维通信技术有限公司";"3-5千/月";"13"
1237;"研发工程师";"西安东风自动化设备有限公司";"4.5-6千/月";"19"
1238;"控制系统研发工程师";"西安中科微精光子制造科技有限公司";"0.8-1万/月";"14"
1239;"工程信息客服（多劳多得+双休+海外游）";"北京瑞达恒建筑咨询有限公司西安分公司";"4-6千/月";"23"
1240;"物联网工程师";"西安橡树软件有限公司";"6-8千/月";"22"
1241;"测绘工程师";"西安舦渡数字科技有限公司";"4-6千/月";"40"
1242;"仓储单证员";"陕西世纪东泰新材料科技有限公司";"3.6-4.2千/月";"13"
1243;"RD-数据标记实习生";"TCL集团工业研究院";"100元/天";"40"
1244;"测绘工程项目经理";"陕西迪博景源测绘地理信息有限公司";"3.5-7千/月";"7"
1245;"中国移动业务推广专员(五险+住宿）";"西安鑫福电子科技有限公司";"4.5-6.5千/月";"3"
1246;"移动业务拓展专员（带薪培训+社保）";"陕西善建者企业管理咨询有限公司";"4.5-6.5千/月";"2"
1247;"绘图员";"西安曲江新区（大明宫）金麒麟家居体验中心";"3.5-4千/月";"9"
1248;"商品数据分析员";"广州杰夫森服装有限公司";"4-8千/月";"41"
1249;"GIS数据处理  双休+五险一金";"西安达文信息技术有限公司";"3-4千/月";"20"
1250;"光源与照明工程x";"上海隆耀网络科技有限公司";"6-8千/月";"6"
1251;"测绘工程师";"苗夫控股有限公司";"4-8千/月";"8"
1252;"电测部经理/产品经理";"欧美大地仪器设备中国有限公司";"15-20万/年";"73"
1253;"城市合伙人/区域负责人";"浙江猎数信息科技有限公司";"3-4万/月";"31"
1254;"中国物联网信号采集员";"西安图标通信科技有限公司";"3-5千/月";"20"
1255;"中国物联网电信/移动/联通信号采集";"西安图标通信科技有限公司";"3-4.5千/月";"45"
1256;"摄影测量工程师";"西安唐远信息科技有限公司";"3-6千/月";"10"
1257;"图文/CAD机械设计";"西安优智科技产业有限公司";"3.5-5千/月";"56"
1258;"销售";"陕西润方贸易有限公司";"4.5-6千/月";"14"
1259;"生产测试/硬件测试";"西安同步电气有限责任公司";"2.5-4.5千/月";"49"
1260;"模拟电路设计师（五险一金、双休）";"西安星恒通通信技术有限公司";"0.6-1.8万/月";"49"
1261;"售前工程师";"西安灵秀机电智能系统技术有限公司";"0.6-1万/月";"25"
1262;"双休办公室销售底薪3000";"陕西博通致业安防科技有限公司";"0.8-1万/月";"6"
1263;"网络优化工程师";"移动设计院陕西分公司";"10-15万/年";"97"
1264;"内容运营-西安-04196";"博彦科技股份有限公司";"3-3.5千/月";"12"
1265;"文案策划";"陕西宜雪装饰工程有限公司";"4.5-6千/月";"13"
1266;"售后服务工程师";"青岛佳明测控科技股份有限公司";"4-6千/月";"86"
1267;"测绘数据采集员（西安）";"上海爵特信息科技有限公司";" ";"3"
1268;"航测数据采集员";"陕西汇图测绘地理信息有限公司";"3-4.5千/月";"14"
1269;"雷达数据采集人员";"中煤航测遥感集团有限公司";" ";"13"
1270;"数据采集员";"西安华众电子科技股份有限公司";"3-4.5千/月";"15"
1271;"数据采集分析专员(五险+双休)";"大屏幕显示业绩榜网";"4.5-6千/月";"29"
1272;"工控安全研究员（西安）";"绿盟科技";" ";"5"
1273;"全栈研发工程师(J11231)";"绿盟科技";" ";"11"
1274;"自然语言处理工程师";"红上至信商务信息咨询（上海）有限公司";" ";"13"
1275;"java后台开发工程师";"西安智推网络科技有限公司";" ";"24"
1276;"代码审计工程师（西安）-西北服务交付部";"绿盟科技";" ";"7"
1277;"代码审计工程师（西安）-西北服务交付部";"绿盟科技";" ";"7"
1278;"安全开发工程师(西安）-西北服务交付部";"绿盟科技";" ";"21"
1279;"自动化测试工程师";"上海指旺信息科技有限公司西安分公司";"0.8-1.5万/月";"63"
1280;"大数据与人工智能工程师";"上海指旺信息科技有限公司西安分公司";"0.8-2万/月";"33"
1281;"AI开发工程师";"上海指旺信息科技有限公司西安分公司";"0.8-1.5万/月";"20"
1282;"C++中级软件工程师";"江苏锐天信息科技有限公司西安分公司";"0.8-1.1万/月";"19"
1283;"配置管理工程师";"西安奥卡云数据科技有限公司";"0.8-1万/月";"9"
1284;"初级存储研发工程师";"西安奥卡云数据科技有限公司";"0.8-1万/月";"13"
1285;"集群系统开发运维工程师(算法类)";"浙江宇视科技有限公司";"0.8-1.5万/月";"37"
1286;"软件测试工程师(通用IPC)";"浙江宇视科技有限公司";"0.8-1万/月";"165"
1287;"AI算法开发工程师(算法类)";"浙江宇视科技有限公司";"0.8-1.2万/月";"37"
1288;"软件测试工程师（高级）";"西安图迹信息科技有限公司";"0.8-1万/月";"244"
1289;"高级数据库运维人员";"三门峡崤云信息服务股份有限公司";"0.8-1.5万/月";"6"
1290;"高级云平台运维工程师";"三门峡崤云信息服务股份有限公司";"0.8-1.5万/月";"14"
1291;"运维技术专家";"三门峡崤云信息服务股份有限公司";"0.8-1.5万/月";"2"
1292;"中级数据库运维工程师";"三门峡崤云信息服务股份有限公司";"0.8-1.5万/月";"6"
1293;"高级数据库运维人员";"三门峡崤云信息服务股份有限公司";"0.8-1.5万/月";"5"
1294;"中级软件运维人员";"三门峡崤云信息服务股份有限公司";"0.8-1.5万/月";"14"
1295;"结构仿真咨询专家--西安";"安世亚太科技股份有限公司";"0.8-1.5万/月";"32"
1296;"中级测试工程师";"北京华软金科信息技术有限公司";"0.8-1万/月";"22"
1297;"Java开发工程师";"北京华软金科信息技术有限公司";"0.8-1万/月";"30"
1298;"自动化测试工程师";"北京华软金科信息技术有限公司";"0.8-1万/月";"56"
1299;"中级测试工程师（总账数据方向）";"北京华软金科信息技术有限公司";"0.8-1万/月";"81"
1300;"C/C++高级开发工程师";"西安三茗科技股份有限公司";"0.8-1.5万/月";"51"
1301;"Web开发工程师（西安）";"绿盟科技";"0.8-1.5万/月";"35"
1302;"高级nodeJs工程师";"陕西维纳传媒股份有限公司";"0.8-1.5万/月";"11"
1303;"高级PHP工程师";"陕西维纳传媒股份有限公司";"0.8-1.5万/月";"24"
1304;"网络工程师";"上海思华科技股份有限公司";"0.8-1万/月";"6"
1305;"软件测试工程师";"西安大医集团有限公司";"0.8-1.5万/月";"339"
1306;"高级数据库工程师";"西安国际医学中心有限公司";"0.8-1.2万/月";"34"
1307;"Java开发工程师";"酷渲（北京）科技有限公司";"0.8-1.5万/月";"183"
1308;"软件测试工程师（西安）";"深圳市有方科技股份有限公司";"0.8-1.2万/月";"293"
1309;"前端开发人员（西安）";"中电长城网际系统应用有限公司";"0.8-1万/月";"53"
1310;"软件测试工程师（西安）";"中电长城网际系统应用有限公司";"0.8-1万/月";"459"
1311;"RD-机器学习工程师（可接收实习生）";"TCL集团工业研究院";"0.8-1.5万/月";"64"
1312;"嵌入式开发高级工程师";"西安思菲特信息科技有限公司";"0.8-1.2万/月";"33"
1313;"嵌入式开发高级工程师";"西安思菲特信息科技有限公司";"0.8-1.2万/月";"31"
1314;"java/.net/web/大数据软件工程师";"陕西巨人商务信息咨询有限公司";"0.8-1万/月";"87"
1315;"[ATCC] 公有云监控";"埃森哲（中国）有限公司";"0.9-1.8万/月";"5"
1316;"ic验证工程师";"软通动力信息技术（集团）有限公司";" ";"15"
1317;"自动化测试工程师";"西安华创人力资源管理咨询有限公司";" ";"13"
1318;"金融云服务工程师";"赞同科技股份有限公司";" ";"3"
1319;"Java开发工程师";"成都市新东能建信息技术有限公司西安分公司";" ";"18"
1320;"大数据讲师";"西安优盛信息技术有限公司";" ";"6"
1321;"Data Scientist";"GE航空集团";" ";"24"
1322;"数据库工程师（大学讲师）";"北京华晟经世信息技术有限公司";" ";"16"
1323;"界面软件工程师";"西安君晖航空科技有限公司";" ";"19"
1324;"前端开发";"西安逆袭网络科技有限公司";" ";"14"
1325;"大数据应用工程师";"北京信都桥景科技有限公司";" ";"11"
1326;"高级C/C++软件工程师";"北京北信源软件股份有限公司西安分公司";" ";"9"
1327;"PHP开发工程师";"北京鲸鹳科技有限公司陕西分公司";"0.8-1.5万/月";"45"
1328;"基础架构工程师";"西安瑞蓝创软件科技有限公司";" ";"6"
1329;"C++软件工程师";"华显光电技术（惠州）有限公司";"0.8-1万/月";"12"
1330;"QA/ 软件测试（功能+自动化）";"西安活跃网络有限公司";"0.9-1.3万/月";"328"
1331;"AI开发工程师（应届研究生）";"上海指旺信息科技有限公司西安分公司";"0.8-1万/月";"69"
1332;"高级安卓(Android)开发工程师";"西安腾营信息科技有限公司";"0.9-1.2万/月";"41"
1333;"初级软件质量工程师";"西安奥卡云数据科技有限公司";"0.8-1万/月";"58"
1334;"大数据研发工程师（ga-t-20180514-005w)";"太极计算机股份有限公司";"0.8-1.5万/月";"31"
1335;"软件工程师";"西安伟伦实业发展有限公司";"0.8-1.2万/月";"22"
1336;"MES应用软件开发工程师";"和利时集团--西安和利时";"0.9-1.5万/月";"31"
1337;"C/C++ 软件工程师";"北京优炫软件股份有限公司";"0.8-1.2万/月";"21"
1338;"软件界面开发工程师（硅谷技术）";"西安咏圣达电子科技有限公司";"0.8-1.2万/月";"6"
1339;"高级测试工程师";"南京绛门信息科技股份有限公司";"0.8-1万/月";"128"
1340;"GIS开发工程师";"西安山脉科技发展有限公司";"0.8-1万/月";"19"
1341;"生产测试开发工程师（西安）";"华勤通讯技术有限公司";"0.8-1.2万/月";"190"
1342;"芯片性能优化工程师(算法类)";"浙江宇视科技有限公司";"0.8-1.2万/月";"10"
1343;"软件测试工程师";"西安海博软件服务有限公司";"0.8-1万/月";"191"
1344;"Web后端工程师";"深圳市中易腾达科技股份有限公司";"0.8-1万/月";"57"
1345;"中级软件工程师";"江苏锐天信息科技有限公司西安分公司";"0.8-1.2万/月";"19"
1346;"前端开发工程师";"西安国匠艺海星河酒店管理有限公司";"0.8-1.5万/月";"52"
1347;"Java开发工程师";"陕西秦林商务信息咨询有限公司";"0.8-1万/月";"85"
1348;"中高级Java开发工程师（西安）dqz";"北京思路创新科技有限公司";"0.8-1.5万/月";"161"
1349;"VR 相关算法工程师 高级软件工程师";"西安灵境科技有限公司";"8-20万/年";"37"
1350;"技术构架师   兼项目经理";"旅拍通科技有限公司";"0.8-1万/月";"15"
1351;"大数据研发工程师";"北京明朝万达科技股份有限公司";"0.8-1.6万/月";"23"
1352;"运维技术专家";"三门峡崤云信息服务股份有限公司";"0.8-1.5万/月";"5"
1353;"全栈工程师";"北京时代一峰信息技术有限公司";"0.8-1.5万/月";"26"
1354;"高级测试工程师";"西安北科维拓科技有限公司";"0.8-1万/月";"166"
1355;"资深BI工程师";"上海哥瑞利软件有限公司";"0.8-1.5万/月";"22"
1356;"软件测试工程师";"西安三星电子研究有限公司";"0.8-1.5万/月";"427"
1357;"项目经理";"西安英兆软件信息有限责任公司";"0.8-1.5万/月";"41"
1358;"JAVA大数据分析工程师";"深圳优克云联科技有限公司";"0.8-3万/月";"23"
1359;"测试工程师";"中科金审（北京）科技有限公司";"0.8-1.3万/月";"206"
1360;"组件验证工程师";"矽昆微电子（上海）有限公司";"0.8-1.5万/月";"42"
1361;"流体咨询专家--西安";"安世亚太科技股份有限公司";"0.8-1.5万/月";"30"
1362;"SAAS产品经理";"西安因联信息科技有限公司";"1.5-2.5万/月";"25"
1363;"测试经理";"美格智能西安研究所";"0.8-1万/月";"83"
1364;"嵌入式软件工程师";"新港海岸（北京）科技有限公司";"0.8-2万/月";"83"
1365;"服务器工程师";"西安西品网络科技有限公司";"0.8-1万/月";"18"
1366;"自动化测试工程师";"西安景兆信息科技有限公司";"0.8-1万/月";"29"
1367;"算法工程师";"广州亿程交通信息集团有限公司";"0.8-1.6万/月";"37"
1368;"Linux软件工程师";"西安三茗科技股份有限公司";"0.8-1万/月";"39"
1369;"运维工程师";"北京空间畅想信息技术有限责任公司";"0.8-1万/月";"85"
1370;"JavaWeb工程师";"陕西维纳传媒股份有限公司";"0.8-1.5万/月";"37"
1371;"自动化测试工程师";"KaiOS凯系通讯科技";"0.8-1.2万/月";"126"
1372;"数据库管理员";"上海京颐科技股份有限公司";"0.8-1.5万/月";"42"
1373;"图像算法工程师";"西安大医集团有限公司";"0.8-1.5万/月";"52"
1374;"并行计算研发工程师";"英特工程仿真技术（大连）有限公司";"0.8-1.5万/月";"26"
1375;"Web前端开发工程师中级";"西安亿阳信通软件科技发展有限公司";"0.9-1.5万/月";"49"
1376;"大数据平台架构师";"西安国际医学中心有限公司";"0.8-1万/月";"11"
1377;"大数据开发工程师";"杭州世平信息科技有限公司";"0.8-1.5万/月";"48"
1378;"软件工程师";"西安中科创星科学传播发展有限责任公司";"0.8-1.2万/月";"10"
1379;"大数据开发工程师";"陕西万盛达信息科技有限公司";"0.8-1.5万/月";"73"
1380;"Web前端开发工程师";"陕西巨子生物技术有限公司";"0.8-1万/月";"75"
1381;"C++高级开发工程师";"中兴网鲲信息科技（上海）有限公司";"0.8-1.5万/月";"44"
1382;"C/C++高级开发工程师";"北京北信源软件股份有限公司";"0.8-1万/月";"25"
1383;"高级嵌入式软件开发工程师";"西安翔迅科技有限责任公司";"1-1.5万/月";"42"
1384;"算法工程师（数据清洗方向）";"紫光陕数大数据有限公司";"0.8-1.2万/月";"24"
1385;"渲染TD";"西咸新区秦汉新城新丝路数字文化科技有限公司";"0.8-1.5万/月";"13"
1386;"java高级软件工程师";"北京军地联合信息技术研究发展中心（有限合伙）";"0.8-1万/月";"49"
1387;"PHP高级开发工程师";"陕西远洋科技实业有限责任公司";"0.8-1万/月";"16"
1388;"数据库工程师";"中通服科信信息技术有限公司";"0.8-1万/月";"63"
1389;"大数据平台研发工程师";"南瑞集团有限公司";"0.8-1.6万/月";"42"
1390;"前端开发工程师";"陕西淘丁实业集团有限公司";"0.8-1万/月";"9"
1391;"软件测试工程师";"酷渲（北京）科技有限公司";"0.8-1.5万/月";"462"
1392;"Web前端设计师";"陕西九鼎通信技术有限公司";"0.8-1万/月";"32"
1393;"软件工程师";"西安悦锦电子信息科技有限公司";"8-10万/年";"73"
1394;"高级软件测试工程师（西安）";"深圳市有方科技股份有限公司";"0.8-1.2万/月";"186"
1395;"人工智能机器学习工程师";"西安橡树软件有限公司";"0.8-1万/月";"51"
1396;"Linux运维开发工程师";"西安华信智慧数字科技有限公司";"0.8-1.6万/月";"54"
1397;"RD-算法移植优化工程师";"TCL集团工业研究院";"0.8-1万/月";"28"
1398;"后云端技术";"西安雅卓电子智能科技有限公司";"0.8-1万/月";"8"
1399;"数据分析师（十三薪+双休）";"北京中海华晟信息技术有限公司西安分公司";"0.8-1万/月";"64"
1400;"算法工程师";"西安思菲特信息科技有限公司";"0.8-1.5万/月";"50"
1401;"Web前端开发工程师";"西安可视可觉网络科技有限公司";"0.8-1万/月";"97"
1402;"高级PHP开发工程师";"西安旭辉计算机软件开发有限责任公司";"0.8-1万/月";"39"
1403;"C/C++讲师/培训师/老师 高薪";"陕西巨人商务信息咨询有限公司";"0.8-1万/月";"10"
1404;"Python开发工程师";"西安远眺网络科技有限公司";" ";"19"
1405;"python后台开发工程师";"西安智推网络科技有限公司";"0.8-1.5万/月";"56"
1406;"Python高级软件工程师";"北京优诺信创科技有限公司";"0.8-1.5万/月";"42"
1407;"python开发";"中软国际科技服务有限公司";"0.8-1.5万/月";"82"
1408;"云计算Python开发工程师";"上海思华科技股份有限公司";"0.8-1.2万/月";"82"
1409;"服务器运维工程师";"红上至信商务信息咨询（上海）有限公司";" ";"20"
1410;"测试工程师";"红上至信商务信息咨询（上海）有限公司";" ";"35"
1411;"数据研究员";"红上至信商务信息咨询（上海）有限公司";" ";"12"
1412;"自动化开发与测试(测试中心)";"浙江宇视科技有限公司";"0.5-1万/月";"36"
1413;"性能测试工程师";"西安恒谦教育科技股份有限公司";"4.5-6千/月";"33"
1414;"服务器安全工程师";"小马股份有限公司西安分公司";"0.5-2.5万/月";"26"
1415;"㊣㊣㊣ 服务器安全工程师 ㊣㊣㊣";"小马股份有限公司西安分公司";"0.5-2.5万/月";"18"
1416;"㊣㊣㊣ 服务器运维工程师 ㊣㊣㊣";"小马股份有限公司西安分公司";"0.5-2.5万/月";"20"
1417;"服务器运维工程师";"小马股份有限公司西安分公司";"0.5-2.5万/月";"48"
1418;"A311-1WE前端开发";"西安卓睿信息技术有限公司";"4.5-6千/月";"18"
1419;"Web前端开发工程师";"西安卓睿信息技术有限公司";"4.5-6千/月";"106"
1420;"Hadoop开发工程师";"西安环太科技发展有限公司";"5-8千/月";"15"
1421;"软件开发工程师";"西安圣点世纪科技有限公司";" ";"29"
1422;"Web高级前端工程师";"摩石环球科技有限公司";" ";"18"
1423;"测试工程师";"红上至信商务信息咨询（上海）有限公司";" ";"77"
1424;"Web前端开发工程师";"西安瑞特森信息科技有限公司";"0.5-1万/月";"101"
1425;"运维工程师";"西安创良在线商贸有限公司";" ";"52"
1426;"运维工程师";"深圳汇思诺科技有限公司";"0.5-1万/月";"34"
1427;"系统运维工程师";"北京神州商通网络科技有限公司";"0.5-1万/月";"50"
1428;"图像处理工程师";"西安天和防务技术股份有限公司";" ";"17"
1429;"C/C++开发工程师";"西安海润通信技术有限公司";"0.5-1万/月";"14"
1430;"大数据开发实习生";"陕西养正文化发展有限公司";"4.5-6千/月";"61"
1431;"生物信息工程师";"西安中科茵康莱医学检验有限公司";"5-8.5千/月";"56"
1432;"软件开发（GA-T-20180514-002W）";"太极计算机股份有限公司";"5-9千/月";"16"
1433;"初级java工程师";"销售易";"0.5-1万/月";"83"
1434;"运维工程师";"西安九索数据技术股份有限公司";"0.5-1万/月";"54"
1435;"新东方X创造力学院代码编程老师";"西安新东方学校";"5-8千/月";"30"
1436;"软件测试工程师(智能交通)";"浙江宇视科技有限公司";"0.5-1.2万/月";"105"
1437;"软件测试工程师";"西安易流物联科技有限公司";"0.5-1万/月";"376"
1438;"遥感算法设计师";"航天星图科技（北京）有限公司";"0.5-1万/月";"16"
1439;"测试工程师";"北京先进数通信息技术股份公司";"5-9千/月";"184"
1440;"web前端开发";"西安西品网络科技有限公司";"4.5-6千/月";"113"
1441;"高级生物信息工程师（西安）";"上海源兹生物科技有限公司";"5-9千/月";"41"
1442;"WEB测试工程师";"上海数果科技有限公司";"0.5-1万/月";"61"
1443;"自动化测试工程师";"西安恒谦教育科技股份有限公司";"4.5-6千/月";"46"
1444;"数据工程师（LT13whx）";"北京东方国信科技股份有限公司";"0.5-1万/月";"28"
1445;"软件测试工程师";"深圳普创天信科技发展有限公司";"0.5-1万/月";"424"
1446;"运维工程师";"西安亚购信息科技有限公司";"5-8千/月";"80"
1447;"Python开发助理+双休";"陕西金晟网络科技有限公司";"4.5-6千/月";"122"
1448;"Python高级开发工程师";"小马股份有限公司西安分公司";"0.5-2.5万/月";"49"
1449;"Python开发助理/实习生   双休";"西安卓睿信息技术有限公司";"4.5-6千/月";"201"
1450;"Python开发工程师";"西安唐远信息科技有限公司";"0.5-1万/月";"104"
1451;"自动化测试工程师";"西安翼展电子科技有限公司";"0.6-1.2万/月";"69"
1452;"测试工程师";"中寰卫星导航通信有限公司";"0.6-1.2万/月";"240"
1453;"高级测试工程师";"深圳市广和通无线股份有限公司";"0.7-1.4万/月";"119"
1454;"系统测试工程师";"陕西美农网络科技有限公司";"6-8千/月";"60"
1455;"嵌入式中级开发工程师";"深圳市德卡科技股份有限公司";"6-8千/月";"27"
1456;"WEB前端开发工程师";"西安圣点世纪科技有限公司";"0.7-1.4万/月";"115"
1457;"System test engineer软件测试工程师";"KaiOS凯系通讯科技";"6-9千/月";"386"
1458;"Java开发工程师";"深圳市讯方技术股份有限公司";"0.7-1.5万/月";"262"
1459;"运维工程师";"上海京颐科技股份有限公司";"0.6-1万/月";"61"
1460;"Openstack运维实施工程师";"上海思华科技股份有限公司";"0.6-1万/月";"35"
1461;"高级系统工程师";"西安国际医学中心有限公司";"0.7-1.2万/月";"21"
1462;"自动化测试工程师";"上海数果科技有限公司";"0.6-1.2万/月";"121"
1463;"PHP开发工程师";"陕西大明五洲科技有限公司";"6-8千/月";"18"
1464;"Web开发工程师（派遣）-西安";"大唐移动通信设备有限公司西安分公司";"0.7-1万/月";"72"
1465;"数据分析工程师";"陕西君瀚信息技术有限公司";"6-8千/月";"64"
1466;"高级测试工程师";"北京军地联合信息技术研究发展中心（有限合伙）";"6-8千/月";"125"
1467;"渗透测试工程师";"西安交大捷普网络科技有限公司";"0.6-1万/月";"28"
1468;"中级运维工程师";"西安诺瓦电子科技有限公司";"6-9千/月";"24"
1469;"IT运维开发工程师";"中通服科信信息技术有限公司";"6-8千/月";"68"
1470;"大数据开发工程师";"青海宝讯溯源网络科技有限公司西安分公司";"6-8千/月";"34"
1471;"Java开发工程师";"厦门唐普信息技术有限公司";"0.6-2.5万/月";"324"
1472;"软件测试工程师";"西安悦泰科技有限责任公司";"6-8千/月";"396"
1473;"软件测试工程师";"陕西九鼎通信技术有限公司";"0.6-1万/月";"365"
1474;"算法工程师";"西安浪盟网络科技有限公司";"0.6-1.2万/月";"40"
1475;"Oracle DBA技术助理6000起";"北京神脑资讯技术有限公司";"6-8千/月";"18"
1476;"软件测试助理工程师（西安）";"深圳市有方科技股份有限公司";"6-8千/月";"261"
1477;"Java开发工程师";"西安橡树软件有限公司";"6-8千/月";"249"
1478;"IT运维工程师";"百胜餐饮（西安）有限公司";"6-8千/月";"149"
1479;"JAVA开发工程师";"西安海润通信技术有限公司";"0.7-1.4万/月";"243"
1480;"openstack开发运维工程师";"西安盈谷网络科技有限公司";"0.6-1.2万/月";"28"
1481;"运维工程师";"上海科箭软件科技有限公司";"0.7-1万/月";"87"
1482;"高级web后端工程师";"北京轩宇信息技术有限公司";"0.6-1.2万/月";"41"
1483;"金融云服务工程师-A05";"赞同科技股份有限公司";"6-8千/月";"14"
1484;"测试工程师";"北京天源迪科信息技术有限公司";"0.6-1万/月";"265"
1485;"Linux运维/系统维护工程师";"西安融科通信技术有限公司";"0.6-1.2万/月";"24"
1486;"Python开发工程师";"北京华九德企业管理有限公司";" ";"73"
1487;"Python开发工程师";"上海指旺信息科技有限公司西安分公司";"0.6-1.6万/月";"97"
1488;"Python软件工程师";"北京优诺信创科技有限公司";"0.6-1万/月";"53"
1489;"Python高级开发工程师";"陕西维纳传媒股份有限公司";"0.6-1.2万/月";"101"
1490;"中级Python开发工程师";"江苏润和软件股份有限公司";"0.7-1.3万/月";"85"
1491;"Python开发工程师";"杭州世平信息科技有限公司";"7-9千/月";"139"
1492;"Python/Golang高级开发工程师";"陕西巨子生物技术有限公司";"0.6-1.2万/月";"67"
1493;"Python中级工程师";"上海汉得信息技术股份有限公司";"0.7-1.4万/月";"52"
1494;"Python开发工程师";"陕西晟运通科技有限公司";"0.6-1.5万/月";"145"
1495;"Java开发工程师";"西安图道信息科技有限公司";"6-8千/月";"425"
1496;"python人工智能学徒";"西安雅卓电子智能科技有限公司";"6-8千/月";"15"
1497;"python讲师/培训师+高薪+六险一金";"陕西巨人商务信息咨询有限公司";"1-1.5万/月";"36"
1498;"python讲师/培训师+高薪+六险一金";"西安云间信息科技有限公司";"1-1.5万/月";"37"
1499;"网络爬虫";"西安雅卓电子智能科技有限公司";"4.5-6千/月";"15"
1500;"爬虫开发工程师";"西安图道信息科技有限公司";"6-8千/月";"77"
1501;"Python 导师";"传智播客教育集团西安分校";"1-1.5万/月";"25"
1502;"python资深开发工程师";"陕西速橘丰信息科技有限公司";"1-1.5万/月";"72"
1503;"Python爬虫工程师";"红上至信商务信息咨询（上海）有限公司";" ";"45"
1504;"Python爬虫工程师";"红上至信商务信息咨询（上海）有限公司";" ";"55"
1505;"初级JAVA 爬虫工程师";"西安极数宝数据服务有限公司";"3-7千/月";"174"
1506;"Python讲师";"陕西云谷教育科技有限公司";" ";"35"
1507;"python讲师";"西安飞凡网络技术咨询有限公司";" ";"42"
1508;"算法工程师";"西安银信博锐信息科技有限公司";"4.5-6千/月";"12"
1509;"IT培训讲师（JAVA）";"北京中公教育科技股份有限公司";"1-1.5万/月";"36"
1510;"高级开发工程师";"陕西同纳信息技术有限公司";"1.5-3万/月";"37"
1511;"网络推广专员";"西安凯联电子科技有限公司";"6-8千/月";"15"
1512;"数据分析师";"西安图迹信息科技有限公司";"0.8-1万/月";"52"
1513;"Python实习生";"陕西冰狐网络科技有限公司";"4.5-7千/月";"106"
1514;"人工智能讲师";"西安软件服务外包学院";"0.8-1万/月";"15"
1515;"网络优化、seo推广";"西安万家灯火信息技术有限公司";"6-8千/月";"22"
1516;"大数据开发工程师";"西安易流物联科技有限公司";"1-2万/月";"32"
1517;"Python就业指导专员(J10786)双休、六险一金";"传智播客教育集团西安分校";"8-9千/月";"20"
1518;"大数据研发工程师/架构师";"北京空间畅想信息技术有限责任公司";"1-2万/月";"28"
1519;"python讲师+六险一金";"西安中软卓越信息技术有限公司";"0.8-1万/月";"70"
1520;"Python开发工程师";"西安优逸客网络科技有限公司";"0.6-1万/月";"137"
1521;"大数据开发工程师";"深圳市易流科技股份有限公司";"1.5-2.5万/月";"67"
1522;"Java高级开发工程师（西安）";"北京中海华晟信息技术有限公司西安分公司";"1-1.5万/月";"88"
1523;"Java开发爬虫工程师";"西安亿商汇聚信息技术有限公司";" ";"30"
1524;"JAVA爬虫工程师";"红上至信商务信息咨询（上海）有限公司";" ";"18"
1525;"JAVA开发 爬虫工程师";"西安极数宝数据服务有限公司";"3-8千/月";"114"
1526;"爬虫开发工程师";"陕西运璟网络科技有限公司";"1-1.5万/月";"54"
1527;"爬虫工程师";"西安澳鹏网络科技有限公司";"1-1.5万/月";"30"
1528;"爬虫开发数据采集实习生";"西安雅卓电子智能科技有限公司";"4.5-6千/月";"2"
1529;"数据开发工程师（SME）";"陕西西部资信股份有限公司";"1-1.5万/月";"46"
1530;"Python研发工程师 爬虫";"西安智推网络科技有限公司";"0.8-1.6万/月";"66"
1531;"python开发工程师（西安）";"中电长城网际系统应用有限公司";"0.8-1万/月";"146"
1532;"Python开发工程师";"中软国际科技服务有限公司";"0.8-1万/月";"62"
1533;"Python开发工程师";"西安道恩网络科技有限公司";"7-9千/月";"135"
1534;"Python开发工程师";"西安博文同创信息技术有限公司";"4.5-6千/月";"98"
1535;"Python开发工程师";"西安华众电子科技股份有限公司";"0.5-1.5万/月";"100"
1536;"数据抓取工程师";"东华软件股份公司";"0.8-1.6万/月";"45"
1537;"开发工程师（python方向）";"北京华软金科信息技术有限公司";"0.8-1万/月";"61"
1538;"Python开发工程师助理/实习";"陕西速橘丰信息科技有限公司";"4.5-6千/月";"153"
1539;"Python开发";"西安图迹信息科技有限公司";"6-8千/月";"73"
1540;"Python开发工程师";"上海易宝软件有限公司深圳分公司";" ";"80"
1541;"python研发工程师";"绿盟科技";"0.8-1万/月";"128"
